second,CH1,CH2,CH3,CH4
-0.1991,-0.267206,-0.2671397,-4.2613065,-0.7691498
-0.19885,-0.267206,-0.241206,-4.1809045,-1.0310996
-0.1986,-0.267206,-0.160804,-4.1809045,-1.3060301
-0.19835,-0.267206,-0.080402,-4.1886675,-1.5394731
-0.1981,-0.2957128,-0.1089088,-4.1809045,-1.7080402
-0.19785,-0.347608,-0.160804,-4.2613065,-1.9673454
-0.1976,-0.3372004,-0.160804,-4.1109101,-2.2708542
-0.19735,-0.347608,-0.160804,-4.2509703,-2.4316583
-0.1971,-0.378688,-0.160804,-4.2302266,-2.6728643
-0.19685,-0.42801,-0.1322257,-4.1809045,-2.9373157
-0.1966,-0.42801,-0.0882365,-4.1809045,-3.2278438
-0.19635,-0.347608,-0.160804,-4.1005025,-3.3964824
-0.1961,-0.347608,-0.160804,-4.1809045,-3.7517435
-0.19585,-0.2932112,-0.080402,-4.2613065,-3.9592964
-0.1956,-0.267206,0,-4.2613065,-4.1201005
-0.19535,-0.3321257,0,-4.1809045,-4.4571909
-0.1951,-0.347608,-0.0441758,-4.2613065,-4.6829145
-0.19485,-0.347608,0,-4.1574724,-4.9241206
-0.1946,-0.347608,0,-4.1835928,-5.0822363
-0.19435,-0.3295525,0.0180555,-4.1005025,-5.4245881
-0.1941,-0.3892108,0.0387993,-4.1393017,-5.6477386
-0.19385,-0.347608,0.080402,-4.2017634,-5.8294016
-0.1936,-0.2673212,0.0802868,-4.1005025,-6.0497487
-0.19335,-0.347608,0,-4.2406779,-6.3115833
-0.1931,-0.267206,0,-4.1005025,-6.5711904
-0.19285,-0.2489202,0,-4.1809045,-6.9158849
-0.1926,-0.186804,0.0024579,-4.2588485,-7.0949748
-0.19235,-0.186804,0.1036037,-4.2613065,-7.3361808
-0.1921,-0.186804,0.160804,-4.1809045,-7.4969848
-0.19185,-0.186804,0.0961147,-4.2613065,-7.8675694
-0.1916,-0.106402,0.0854331,-4.1758734,-8.0597989
-0.19135,-0.1610292,0.1061768,-4.2355316,7.6989949
-0.1911,-0.1529206,0.1269206,-4.2274231,7.5381909
-0.19085,-0.1736644,0.080402,-4.1809045,7.1493204
-0.1906,-0.1140062,0.080402,-4.2537023,6.9753768
-0.19035,-0.106402,0,-4.1005025,6.7341708
-0.1901,-0.186804,0,-4.1809045,6.5733668
-0.18985,-0.106402,0,-4.1005025,6.2728917
-0.1896,-0.0361773,0,-4.1106798,6.0105527
-0.18935,-0.026,0.080402,-4.2303854,5.7075045
-0.1891,0.0027372,0.080402,-4.2613065,5.4764758
-0.18885,0.054402,0,-4.1809045,5.2869346
-0.1886,0.054402,0,-4.2613065,5.1261306
-0.18835,0.0209078,-0.0469078,-4.1809045,4.7241205
-0.1881,-0.026,-0.080402,-4.1809045,4.5633165
-0.18785,-0.106402,-0.0749817,-4.2613065,4.3221105
-0.1876,-0.106402,-0.080402,-4.165581,4.1613065
-0.18735,-0.106402,-0.160804,-4.2252392,3.8396984
-0.1871,-0.106402,-0.1372131,-4.1240934,3.5984924
-0.18685,-0.0288471,-0.160804,-4.1837516,3.4376884
-0.1866,-0.026,-0.0982986,-4.1809045,3.2589877
-0.18635,0.054402,-0.1221636,-4.1422641,2.9166359
-0.1861,0.054402,-0.160804,-4.1809045,2.7140703
-0.18585,0.054402,-0.2414801,-4.2613065,2.3120603
-0.1856,-0.026,-0.241206,-4.1809045,2.0708542
-0.18535,-0.026,-0.241206,-4.222118,1.9100502
-0.1851,-0.1248467,-0.160804,-4.1993492,1.7492462
-0.18485,-0.186804,-0.0827011,-4.1028016,1.4253391
-0.1846,-0.186804,-0.1034449,-4.2039473,1.1864321
-0.18435,-0.2234194,-0.160804,-4.1371178,0.9452261
-0.1841,-0.186804,-0.2253344,-4.1809045,0.8002937
-0.18385,-0.186804,-0.241206,-4.1005025,0.4628141
-0.1836,-0.186804,-0.266822,-4.1552885,0.221608
-0.18335,-0.186804,-0.2875658,-4.2272642,0.0144443
-0.1831,-0.2539076,-0.321608,-4.1138009,-0.1132985
-0.18285,-0.267206,-0.3290534,-4.1809045,-0.50201
-0.1826,-0.267206,-0.321608,-4.2894956,-0.6910032
-0.18235,-0.267206,-0.1922732,-4.1809045,-1.0648241
-0.1821,-0.2564807,-0.1500787,-4.1809045,-1.2363535
-0.18185,-0.1968224,-0.080402,-4.2613065,-1.4568157
-0.1816,-0.347608,-0.080402,-4.1809045,-1.6276382
-0.18135,-0.318712,-0.080402,-4.2098005,-1.9492462
-0.1811,-0.347608,-0.1526518,-4.1809045,-2.1904522
-0.18085,-0.347608,-0.1733956,-4.2613065,-2.3638478
-0.1806,-0.42801,-0.160804,-4.1809045,-2.5924623
-0.18035,-0.3739309,-0.1344811,-4.1268254,-2.9140703
-0.1801,-0.42801,-0.1552249,-4.1809045,-3.1552764
-0.17985,-0.347608,-0.160804,-4.1657398,-3.3160804
-0.1796,-0.3835165,-0.160804,-4.2168129,-3.4768844
-0.17935,-0.2909558,-0.1041518,-4.1242523,-3.8551446
-0.1791,-0.270212,-0.080402,-4.1778985,-4.1170945
-0.17885,-0.347608,0.0626642,-4.1809045,-4.4417085
-0.1786,-0.347608,0.080402,-4.2613065,-4.644433
-0.17835,-0.42801,0,-4.1809045,-4.8437185
-0.1781,-0.5079792,0.080402,-4.2613065,-5.0045226
-0.17785,-0.42801,0.080402,-4.1605936,-5.4065326
-0.1776,-0.3886627,0.080402,-4.1809045,-5.5673366
-0.17735,-0.4094065,0.080402,-4.2427029,-5.7899391
-0.1771,-0.347608,0.080402,-4.1787643,-5.9693467
-0.17685,-0.347608,0,-4.2037885,-6.2909547
-0.1766,-0.267206,0,-4.1372767,-6.5321607
-0.17635,-0.2511756,0,-4.1809045,-6.6929648
-0.1761,-0.1915174,0.0047133,-4.1809045,-6.9294574
-0.17585,-0.2417489,0.080402,-4.1005025,-7.2008339
-0.1756,-0.2330049,0.160804,-4.1467034,-7.4507839
-0.17535,-0.186804,0.160804,-4.2613065,-7.8051356
-0.1751,-0.186804,0.241206,-4.1809045,-7.9793969
-0.17485,-0.1344322,0.1888343,-4.2613065,7.7513667
-0.1746,-0.106402,0.160804,-4.2613065,7.5698189
-0.17435,-0.106402,0.1499198,-4.1809045,7.2165828
-0.1741,-0.186804,0.080402,-4.2613065,6.9852364
-0.17385,-0.186804,0,-4.1503011,6.8145728
-0.1736,-0.186804,0,-4.1809045,6.6537688
-0.17335,-0.106402,0,-4.1088136,6.2517587
-0.1731,-0.106402,0,-4.1005025,6.0909547
-0.17285,-0.026,0,-4.1809045,5.8969742
-0.1726,-0.026,0.080402,-4.1269842,5.5820609
-0.17235,0.054402,0.080402,-4.1866425,5.3673366
-0.1721,0.0694078,0.0653962,-4.1959103,5.1411364
-0.17185,0.054402,-0.0446524,-4.1809045,4.8045226
-0.1716,0.054402,0,-4.1809045,4.6437185
-0.17135,-0.026,-0.0031649,-4.2613065,4.4797497
-0.1711,-0.106402,-0.080402,-4.1809045,4.2417085
-0.17085,-0.106402,-0.080402,-4.2192272,3.8817778
-0.1706,-0.1277375,-0.160804,-4.1809045,3.6575589
-0.17035,-0.106402,-0.080402,-4.1814962,3.4376884
-0.1701,-0.026,-0.160804,-4.1809045,3.2768844
-0.16985,-0.026,-0.160804,-4.1005025,2.9552763
-0.1696,0.054402,-0.160804,-4.1809045,2.7140703
-0.16935,0.0524206,-0.241206,-4.1005025,2.5532663
-0.1691,0.054402,-0.241206,-4.1809045,2.1512563
-0.16885,-0.026,-0.241206,-4.2243734,1.9904522
-0.1686,-0.026,-0.241206,-4.2613065,1.8134589
-0.16835,-0.1109565,-0.160804,-4.1809045,1.4276382
-0.1681,-0.186804,-0.160804,-4.2613065,1.2668342
-0.16785,-0.221164,-0.160804,-4.1348624,1.0256281
-0.1676,-0.186804,-0.160804,-4.2476903,0.8648241
-0.16735,-0.267206,-0.241206,-4.1737769,0.5432161
-0.1671,-0.2146754,-0.2690774,-4.1809045,0.30201
-0.16685,-0.186804,-0.2729929,-4.2613065,0.141206
-0.1666,-0.267206,-0.310565,-4.1115455,-0.0889569
-0.16635,-0.2575053,-0.321608,-4.1809045,-0.4923093
-0.1661,-0.2172485,-0.321608,-4.1005025,-0.6128566
-0.16585,-0.186804,-0.321608,-4.1809045,-1.0136358
-0.1656,-0.267206,-0.241206,-4.1893744,-1.2256281
-0.16535,-0.267206,-0.160804,-4.1931783,-1.3864321
-0.1651,-0.267206,-0.080402,-4.1335201,-1.5946206
-0.16485,-0.347608,-0.160804,-4.2613065,-1.9492462
-0.1646,-0.347608,-0.160804,-4.1063993,-2.1100502
-0.16435,-0.347608,-0.241206,-4.2464595,-2.2857012
-0.1641,-0.347608,-0.1963947,-4.2613065,-2.5120603
-0.16385,-0.42801,-0.1044695,-4.1809045,-2.8577358
-0.1636,-0.347608,-0.1574803,-4.1809045,-3.0748743
-0.16335,-0.347608,-0.143384,-4.1809045,-3.2530984
-0.1631,-0.347608,-0.160804,-4.1768301,-3.4387205
-0.16285,-0.2887004,-0.1018964,-4.1005025,-3.7984924
-0.1626,-0.3468574,-0.0796514,-4.1005025,-3.960047
-0.16235,-0.3276149,-0.0604088,-4.1809045,-4.4217153
-0.1621,-0.347608,0.0396651,-4.2613065,-4.5628475
-0.16185,-0.347608,0,-4.1809045,-4.7633165
-0.1616,-0.347608,0,-4.259484,-4.9259431
-0.16135,-0.4054438,0.0578357,-4.1809045,-5.3035643
-0.1611,-0.3847,0.080402,-4.1809045,-5.4869346
-0.16085,-0.347608,0.0640539,-4.2449583,-5.7281406
-0.1606,-0.2716017,0.080402,-4.1048981,-5.8889447
-0.16035,-0.3224686,0,-4.2060439,-6.2658153
-0.1601,-0.267206,0,-4.1463857,-6.4517587
-0.15985,-0.267206,0,-4.1809045,-6.6125627
-0.1596,-0.186804,0.0069687,-4.2613065,-6.8537688
-0.15935,-0.2394935,0.080402,-4.1005025,-7.1753768
-0.1591,-0.267206,0.080402,-4.1809045,-7.3681265
-0.15885,-0.2560041,0.160804,-4.2613065,-7.7381909
-0.1586,-0.186804,0.1703459,-4.1713626,-7.8989949
-0.15835,-0.1366876,0.160804,-4.2613065,7.2479475
-0.1581,-0.106402,0.160804,-4.2613065,7.6696223
-0.15785,-0.106402,0.080402,-4.1809045,7.2252116
-0.1576,-0.118517,0.080402,-4.2491915,7.0557788
-0.15735,-0.2196628,0,-4.1005025,6.8949748
-0.1571,-0.186804,-0.080402,-4.234507,6.7073713
-0.15685,-0.106402,-0.0060557,-4.1748488,6.3382164
-0.1566,-0.106402,-0.0146881,-4.1151906,6.1713567
-0.15635,-0.026,0,-4.1809045,5.9301507
-0.1561,-0.026,0,-4.1247288,5.8255223
-0.15585,-0.026,0.080402,-4.1809045,5.4442561
-0.1556,0.054402,0,-4.2613065,5.2065326
-0.15535,0.054402,0,-4.1809045,4.8469196
-0.1551,0.054402,-0.080402,-4.1221557,4.6437185
-0.15485,-0.026,-0.080402,-4.2613065,4.4829145
-0.1546,-0.106402,-0.080402,-4.1809045,4.3022762
-0.15435,-0.106402,-0.080402,-4.2613065,3.9599244
-0.1541,-0.186804,-0.0994821,-4.1809045,3.7592964
-0.15385,-0.106402,-0.080402,-4.1809045,3.5968288
-0.1536,-0.026,-0.160804,-4.2388991,3.3572864
-0.15335,0.0171512,-0.160804,-4.1809045,2.9552763
-0.1531,-0.009493,-0.160804,-4.1809045,2.8583673
-0.15285,-0.0217632,-0.1650408,-4.1047392,2.6336683
-0.1526,0.0294215,-0.241206,-4.2363259,2.2316583
-0.15235,-0.026,-0.241206,-4.2613065,2.0708542
-0.1521,-0.026,-0.241206,-4.2613065,1.9100502
-0.15185,-0.106402,-0.2343961,-4.1809045,1.5012303
-0.1516,-0.186804,-0.160804,-4.2613065,1.2668342
-0.15135,-0.2189086,-0.160804,-4.1809045,1.1060301
-0.1511,-0.186804,-0.160804,-4.2613065,0.9452261
-0.15085,-0.186804,-0.241206,-4.1809045,0.5432161
-0.1506,-0.186804,-0.241206,-4.1809045,0.3824121
-0.15035,-0.2163355,-0.2707375,-4.1809045,0.141206
-0.1501,-0.186804,-0.3128204,-4.1809045,-0.019598
-0.14985,-0.267206,-0.321608,-4.2493504,-0.421608
-0.1496,-0.267206,-0.321608,-4.1005025,-0.5824121
-0.14935,-0.186804,-0.2681644,-4.1809045,-0.9309784
-0.1491,-0.1930186,-0.241206,-4.1809045,-1.1452261
-0.14885,-0.267206,-0.160804,-4.2613065,-1.3060301
-0.1486,-0.222077,-0.080402,-4.1809045,-1.5021072
-0.14835,-0.3232228,-0.1047872,-4.2369213,-1.8688442
-0.1481,-0.347608,-0.1571626,-4.1809045,-2.1064088
-0.14785,-0.347608,-0.2241037,-4.2613065,-2.2708542
-0.1476,-0.3901639,-0.160804,-4.2234604,-2.4316583
-0.14735,-0.42801,-0.1389919,-4.1809045,-2.8336683
-0.1471,-0.42801,-0.1597357,-4.2602382,-2.9944723
-0.14685,-0.3672835,-0.1411286,-4.161229,-3.1749518
-0.1466,-0.347608,-0.080402,-4.1809045,-3.4369016
-0.14635,-0.286445,-0.141565,-4.1616655,-3.7792534
-0.1461,-0.267206,-0.080402,-4.1005025,-3.9592964
-0.14585,-0.267206,0,-4.1809045,-4.3031531
-0.1456,-0.347608,0,-4.2613065,-4.4791182
-0.14535,-0.347608,0.080402,-4.1809045,-4.6829145
-0.1451,-0.4239321,0,-4.2613065,-4.8437185
-0.14485,-0.3724297,0.080402,-4.1809045,-5.2457286
-0.1446,-0.347608,0.080402,-4.1809045,-5.4869346
-0.14435,-0.347608,0.0663093,-4.1949972,-5.6477386
-0.1441,-0.347608,0,-4.1809045,-5.8085427
-0.14385,-0.2946008,0.0530072,-4.1809045,-6.2105527
-0.1436,-0.2994695,0,-4.1809045,-6.3713567
-0.14335,-0.267206,0,-4.1809045,-6.5321607
-0.1431,0.134804,-0.4112342,-4.1901286,-6.7733668
-0.14285,0.7480522,-1.5576061,-4.1005025,-7.1753768
-0.1426,0.9685144,-2.0904522,-4.1809045,-7.3361808
-0.14235,0.8673686,-2.7336683,-4.3417085,-7.6577889
-0.1421,0.7662228,-3.1356784,-4.1809045,-7.8989949
-0.14185,0.504273,-3.4572864,-4.2134455,-8.0119379
-0.1416,0.295608,-3.6180904,-4.2613065,7.6989949
-0.14135,-0.106402,-3.7788944,-4.1809045,7.3710134
-0.1411,-0.42801,-3.8449261,-4.1809045,7.1361808
-0.14085,-0.8651342,-3.9396985,-4.1457903,6.9300889
-0.1406,-1.2320301,-3.9396985,-4.2054486,6.7341708
-0.14035,-1.6340402,-3.7826947,-4.1809045,6.4125627
-0.1401,-1.8921897,-3.6984924,-4.117446,6.2517587
-0.13985,-2.3576583,-3.4195991,-4.2613065,6.0105527
-0.1396,-2.7376973,-3.2160804,-4.1005025,5.8497487
-0.13935,-3.0800492,-2.8140703,-4.2613065,5.4477386
-0.1391,-3.261597,-2.4924623,-4.1005025,5.2869346
-0.13885,-3.5235468,-2.1708542,-4.1407628,5.1260118
-0.1386,-3.6440904,-1.9296482,-4.1809045,4.8849246
-0.13835,-3.8035485,-1.6080402,-4.1005025,4.5619706
-0.1381,-3.8852964,-1.2864321,-4.1809045,4.5412268
-0.13785,-4.0461005,-0.8844221,-4.1005025,4.198875
-0.1376,-4.1433272,-0.5628141,-4.0201005,3.9836777
-0.13735,-4.2833874,-0.241206,-4.1005025,3.7592964
-0.1371,-4.2069045,0.1361412,-4.1005025,3.5984924
-0.13685,-4.1265025,0.5628141,-4.0201005,3.241889
-0.1366,-3.9656985,0.9505725,-4.1666529,3.0356784
-0.13635,-3.8852964,1.3668342,-4.0201005,2.8683822
-0.1361,-3.7244924,1.6884422,-4.1005025,2.6336683
-0.13585,-3.5157087,1.9776279,-4.0680802,2.4728643
-0.1356,-3.4028844,2.0217287,-4.0201005,2.3120603
-0.13535,-3.1616784,2.3316583,-4.0110352,1.981387
-0.1351,-3.0008743,2.5728643,-4.0201005,1.7492462
-0.13485,-2.7298191,3.0254272,-4.0201005,1.5080402
-0.1346,-2.5184623,3.2160804,-4.0201005,1.3472362
-0.13435,-2.1968542,3.4572864,-4.0201005,1.1864321
-0.1341,-1.923266,3.6180904,-3.9396985,0.9452261
-0.13385,-1.5536382,3.7788944,-3.9396985,0.6236181
-0.1336,-1.2254979,3.7854267,-4.0201005,0.3824121
-0.13335,-0.6834276,3.8592964,-3.9396985,0.2877985
-0.1331,-0.4734568,3.9396985,-4.0201005,0.060804
-0.13285,-0.026,3.9149955,-3.9396985,-0.341206
-0.1326,0.134804,3.8592964,-3.9396985,-0.50201
-0.13235,0.6004314,3.7788944,-4.0201005,-0.7264314
-0.1321,0.8584221,3.741366,-3.9396985,-0.8611465
-0.13185,1.3408342,3.5598182,-4.0201005,-1.0648241
-0.1316,1.5820402,3.5376884,-3.9410845,-1.2256281
-0.13135,1.9036482,3.3158401,-3.8592964,-1.6276382
-0.1311,2.1851547,3.2160804,-3.9396985,-1.7884422
-0.13085,2.4664623,2.8944723,-3.9396985,-2.0296482
-0.1306,2.7076683,2.6520792,-3.9396985,-2.1904522
-0.13035,2.9488743,2.1708542,-3.9616293,-2.5339911
-0.1301,3.1096784,1.9673756,-3.9396985,-2.5924623
-0.12985,3.2534988,1.6884422,-3.8592964,-2.9310539
-0.1296,3.1938406,1.5276382,-3.9359383,-3.1552764
-0.12935,3.3508844,1.1815262,-3.9396985,-3.3160804
-0.1291,3.5116884,0.8844221,-3.8944507,-3.5221321
-0.12885,3.5920904,0.4824121,-3.844886,-3.7180904
-0.1286,3.6788257,0.241206,-3.8592964,-3.8788944
-0.12835,3.7528944,-0.160804,-3.8863735,-4.2005025
-0.1281,3.7528944,-0.40201,-3.8592964,-4.2483233
-0.12785,3.6843298,-0.7354554,-3.7788944,-4.6025125
-0.1276,3.5920904,-1.0363197,-3.8592964,-4.8437185
-0.12735,3.4312864,-1.497988,-3.8592964,-5.0045226
-0.1271,3.3208764,-1.7688442,-3.7788944,-5.2457286
-0.12685,3.1096784,-2.0100502,-3.8500322,-5.4065326
-0.1266,3.0292763,-2.1593747,-3.8592964,-5.5673366
-0.12635,2.8684723,-2.3316583,-3.7788944,-5.7281406
-0.1261,2.6547012,-2.4924623,-3.6984924,-5.9693467
-0.12585,2.3860603,-2.8140703,-3.8526053,-6.1301507
-0.1256,2.2252563,-3.0552763,-3.7788944,-6.2909547
-0.12535,1.9384447,-3.3312788,-3.7332889,-6.6929648
-0.1251,1.8232462,-3.4572864,-3.7233542,-6.6929648
-0.12485,1.5779222,-3.6222084,-3.6984924,-7.0949748
-0.1246,1.2604321,-3.7151182,-3.7788944,-7.2557788
-0.12435,0.8584221,-3.816264,-3.6984924,-7.4596153
-0.1241,0.6172161,-3.8815851,-3.6762037,-7.6577889
-0.12385,0.134804,-4.0185556,-3.7788944,-7.8185929
-0.1236,-0.0872031,-4.0201005,-3.6984924,-7.9793969
-0.12335,-0.2666893,-4.0195838,-3.7384351,7.7793969
-0.1231,-0.4477256,-3.9396985,-3.6180904,7.6185929
-0.12285,-0.8300201,-3.8603247,-3.6180904,7.3773869
-0.1226,-1.0712261,-3.9179265,-3.6984924,7.1579528
-0.12235,-1.5536382,-3.7788944,-3.6984924,7.0178926
-0.1221,-1.7144422,-3.7156349,-3.68135,6.8145728
-0.12185,-2.1164522,-3.6948911,-3.6180904,6.4893634
-0.1216,-2.4137152,-3.4816315,-3.6984924,6.4929648
-0.12135,-2.6439532,-3.2964824,-3.6534035,6.0909547
-0.1211,-2.905903,-3.0698457,-3.6180904,5.9301507
-0.12085,-3.1555039,-2.7274939,-3.5376884,5.7631722
-0.1206,-3.2955641,-2.4924623,-3.5376884,5.5550589
-0.12035,-3.4832864,-2.1708542,-3.6508304,5.3673366
-0.1201,-3.5756846,-1.9416444,-3.6180904,5.1381268
-0.11985,-3.572436,-1.7688442,-3.6180904,4.9653266
-0.1196,-3.7244924,-1.5276382,-3.5376884,4.8045226
-0.11935,-3.8048944,-1.236197,-3.6180904,4.5633165
-0.1191,-3.8852964,-1.035803,-3.5471115,4.4025125
-0.11885,-4.0461005,-0.6432161,-3.6067697,4.2417085
-0.1186,-4.1265025,-0.40201,-3.5376884,4.0005025
-0.11835,-4.2069045,-0.080402,-3.5376884,3.8672922
-0.1181,-4.1333525,0.160804,-3.5376884,3.6788944
-0.11785,-4.0461005,0.5489203,-3.5376884,3.5041966
-0.1176,-4.000336,0.7236181,-3.5834528,3.3226488
-0.11735,-3.8852964,1.1810095,-3.5376884,3.1160804
-0.1171,-3.8048944,1.290709,-3.5334115,2.9552763
-0.11685,-3.6440904,1.7523773,-3.3933513,2.7140703
-0.1166,-3.5636884,1.8492462,-3.3768844,2.590477
-0.11635,-3.4253319,2.0100502,-3.5152409,2.3700147
-0.1161,-3.2437841,2.1708542,-3.5376884,2.1512563
-0.11585,-3.1003164,2.4120603,-3.4572864,1.9904522
-0.1156,-3.0008743,2.5728643,-3.4175026,1.8296482
-0.11535,-2.7596683,2.8944723,-3.4572864,1.6489698
-0.1151,-2.5988643,3.134809,-3.3768844,1.4276382
-0.11485,-2.3360451,3.2964824,-3.3768844,1.2668342
-0.1146,-2.1164522,3.4572864,-3.3768844,1.0636732
-0.11435,-1.7948442,3.6007891,-3.4572864,0.8648241
-0.1141,-1.6305977,3.6180904,-3.3803269,0.7005776
-0.11385,-1.2320301,3.7226787,-3.4089139,0.4628141
-0.1136,-0.9458941,3.7788944,-3.3414124,0.4628141
-0.11335,-0.5888141,3.7936226,-3.2964824,0.0755322
-0.1131,-0.2732216,3.8592964,-3.302498,0.141206
-0.11285,-0.106402,3.8592964,-3.2964824,-0.260804
-0.1126,-0.026,3.8263976,-3.4097832,-0.2279052
-0.11235,0.295608,3.7106475,-3.3768844,-0.421608
-0.1121,0.4650008,3.7703057,-3.3050711,-0.6628141
-0.11185,0.8584221,3.6180904,-3.2964824,-0.8236181
-0.1116,1.1299539,3.6180904,-3.3465586,-0.9844221
-0.11135,1.4920562,3.5281064,-3.2869004,-1.1548081
-0.1111,1.7428442,3.3768844,-3.2853206,-1.3864321
-0.11085,1.9036482,3.2645768,-3.2160804,-1.5472362
-0.1106,2.0644522,3.0552763,-3.2160804,-1.7606896
-0.11035,2.3790514,2.8944723,-3.2964824,-1.9492462
-0.1101,2.5468643,2.7199334,-3.2964824,-2.1100502
-0.10985,2.7076683,2.4120603,-3.2505591,-2.2708542
-0.1096,2.8684723,2.2764358,-3.2160804,-2.3512563
-0.10935,3.0292763,2.0056145,-3.2160804,-2.6773
-0.1091,3.1259864,1.8492462,-3.1519864,-2.6728643
-0.10885,3.2334305,1.6884422,-3.1356784,-2.8707201
-0.1086,3.2704824,1.5502446,-3.1582848,-3.0748743
-0.10835,3.3508844,1.2864321,-3.1356784,-3.3142178
-0.1081,3.4501676,1.106747,-3.1545595,-3.4153635
-0.10785,3.5524655,0.8040201,-3.1764554,-3.6376884
-0.1076,3.6724924,0.5628141,-3.1356784,-3.8588612
-0.10735,3.6732029,0.1615145,-3.1356784,-4.0396985
-0.1071,3.8118422,0,-3.1356784,-4.0611527
-0.10685,3.8332964,-0.241206,-3.0974744,-4.2005025
-0.1066,3.7528944,-0.4194702,-3.0552763,-4.3613065
-0.10635,3.6724924,-0.8040201,-3.0552763,-4.5253941
-0.1061,3.5920904,-1.0452261,-3.192053,-4.7392891
-0.10585,3.5116884,-1.3668342,-3.1356784,-4.9241206
-0.1056,3.4312864,-1.6080402,-3.1356784,-5.0849246
-0.10535,3.2704824,-1.8551029,-3.1415351,-5.3261306
-0.1051,3.2438819,-2.0100502,-3.1356784,-5.3261306
-0.10485,3.1096784,-2.1708542,-3.0883341,-5.5342789
-0.1046,3.0292763,-2.2512563,-3.0675903,-5.6600526
-0.10435,2.7880703,-2.4036304,-3.0552763,-5.8889447
-0.1041,2.6784947,-2.5728643,-3.08445,-6.0497487
-0.10385,2.4664623,-2.8639877,-3.0552763,-6.2105527
-0.1036,2.3056583,-3.0552763,-3.0455355,-6.4517587
-0.10335,2.0644522,-3.2964824,-2.9858773,-6.6125627
-0.1031,1.9036482,-3.3768844,-2.9748743,-6.6125627
-0.10285,1.6624422,-3.5655999,-2.9748743,-6.8537688
-0.1026,1.5016382,-3.6180904,-2.982042,-7.0878071
-0.10235,1.1936062,-3.7653184,-2.9748743,-7.1889529
-0.1021,1.0653083,-3.8132143,-2.9748743,-7.1753768
-0.10185,0.7526817,-3.9143601,-2.9748743,-7.3912445
-0.1016,0.5414087,-3.9396985,-3.0460872,-7.5773869
-0.10135,0.295608,-3.9558476,-2.9748743,-7.7381909
-0.1011,0.017509,-3.9765914,-2.8944723,-7.9793969
-0.10085,-0.1640388,-4.0201005,-2.9172376,-8.1174357
-0.1006,-0.267206,-4.0201005,-2.8964938,7.7793969
-0.10035,-0.42801,-3.9396985,-2.956152,7.6185929
-0.1001,-0.6282802,-3.9396985,-2.9339384,7.4577889
-0.09985,-0.9104221,-3.8592964,-2.8944723,7.2767927
-0.0996,-1.1521798,-3.8587448,-2.8944723,7.0557788
-0.09935,-1.3928342,-3.757599,-2.8944723,6.8949748
-0.0991,-1.6760794,-3.6984924,-2.9328351,6.8949748
-0.09885,-1.8752462,-3.6180904,-2.8944723,6.7341708
-0.0986,-2.119577,-3.5345636,-2.8944723,6.5733668
-0.09835,-2.3337897,-3.4572864,-2.7902018,6.3321607
-0.0981,-2.4826726,-3.3322721,-2.7336683,6.2875484
-0.09785,-2.6792663,-3.1356784,-2.7336683,6.1713567
-0.0976,-2.8457682,-2.9691765,-2.8083724,5.9358486
-0.09735,-3.0548347,-2.7876287,-2.7336683,5.7693467
-0.0971,-3.1616784,-2.5728643,-2.7336683,5.8165321
-0.09685,-3.3224824,-2.3995875,-2.7336683,5.5406134
-0.0966,-3.4111554,-2.2429853,-2.7336683,5.4394676
-0.09635,-3.5636884,-2.039065,-2.7336683,5.2869346
-0.0961,-3.613447,-1.9296482,-2.7336683,5.2065326
-0.09585,-3.6341907,-1.7688442,-2.7336683,5.0457286
-0.0956,-3.7136483,-1.6775981,-2.7445124,4.8153667
-0.09535,-3.7244924,-1.4472362,-2.7336683,4.6437185
-0.0951,-3.8572261,-1.2060301,-2.7336683,4.6437185
-0.09485,-3.9656985,-0.9648241,-2.6459397,4.4829145
-0.0946,-4.0595177,-0.7906029,-2.6398491,4.3221105
-0.09435,-4.1265025,-0.4824121,-2.6532663,4.1150655
-0.0941,-4.1814072,-0.321608,-2.6532663,4.1064017
-0.09385,-4.2069045,-0.080402,-2.6580198,3.9201005
-0.0936,-4.1265025,0.0963923,-2.6532663,3.7592964
-0.09335,-4.2069045,0.321608,-2.6532663,3.5617583
-0.0931,-4.0690246,0.5628141,-2.5957884,3.5180904
-0.09285,-4.0439201,0.8040201,-2.6532663,3.3572864
-0.0926,-3.947135,0.9833876,-2.6532663,3.1964824
-0.09235,-3.8852964,1.2864321,-2.5728643,2.9552763
-0.0921,-3.7244924,1.5072872,-2.5525133,2.8952253
-0.09185,-3.6444832,1.6884422,-2.5728643,2.7948651
-0.0916,-3.6440904,1.7688442,-2.5728643,2.5744029
-0.09135,-3.5251667,1.9296482,-2.5728643,2.3924623
-0.0911,-3.4832864,2.0100502,-2.5728643,2.3924623
-0.09085,-3.4028844,2.0904522,-2.6503004,2.2316583
-0.0906,-3.2420804,2.2512563,-2.5728643,2.2316583
-0.09035,-3.1616784,2.3676068,-2.4565137,2.0708542
-0.0901,-3.0160791,2.5076671,-2.4924623,1.8948455
-0.08985,-2.8345313,2.7392073,-2.4980013,1.6688442
-0.0896,-2.7333855,2.9207551,-2.4924623,1.6688442
-0.08935,-2.5184623,3.0552763,-2.5394889,1.5080402
-0.0891,-2.3576583,3.2034487,-2.5050939,1.3346045
-0.08885,-2.1968542,3.2964824,-2.5005744,1.2668342
-0.0886,-2.0360502,3.4284305,-2.4120603,1.0771742
-0.08835,-1.8444439,3.4880887,-2.4120603,0.8956264
-0.0881,-1.6440987,3.5376884,-2.4221188,0.9452261
-0.08785,-1.4839214,3.6180904,-2.4924623,0.7040201
-0.0876,-1.2810031,3.6984924,-2.4610333,0.5746451
-0.08735,-1.0712261,3.7506652,-2.4924623,0.5953889
-0.0871,-0.8375055,3.7788944,-2.3316583,0.3824121
-0.08685,-0.6559577,3.7788944,-2.4120603,0.2083497
-0.0866,-0.4744099,3.7788944,-2.4120603,0.1752082
-0.08635,-0.3219519,3.8592964,-2.4120603,-0.019598
-0.0861,-0.186804,3.7838067,-2.3365706,-0.019598
-0.08585,-0.106402,3.7788944,-2.2670877,-0.180402
-0.0856,0.054402,3.7788944,-2.3316583,-0.3777813
-0.08535,0.134804,3.6984924,-2.3316583,-0.341206
-0.0851,0.295608,3.7008316,-2.4120603,-0.5800729
-0.08485,0.4748166,3.6984924,-2.2512563,-0.7432161
-0.0846,0.7367665,3.6593441,-2.2904046,-0.7432161
-0.08435,0.9183143,3.6180904,-2.2717661,-0.92453
-0.0841,1.0998621,3.6180904,-2.2512563,-0.9044879
-0.08385,1.3198565,3.4782641,-2.3316583,-1.1452261
-0.0836,1.5016382,3.4572864,-2.2125757,-1.3060301
-0.08335,1.6624422,3.3948211,-2.2512563,-1.3060301
-0.0831,1.8260533,3.2964824,-2.2512563,-1.4668342
-0.08285,1.9840502,3.2396312,-2.2512563,-1.7080402
-0.0826,2.1087468,3.1356784,-2.2512563,-1.7080402
-0.08235,2.2252563,3.0552763,-2.1708542,-1.8688442
-0.0821,2.3860603,2.8140703,-2.1708542,-1.8796045
-0.08185,2.5468643,2.7336683,-2.2512563,-2.0557722
-0.0816,2.674134,2.5728643,-2.2043885,-2.1233837
-0.08135,2.7880703,2.4120603,-2.1032428,-2.2708542
-0.0811,2.8684723,2.2512563,-2.1708542,-2.4316583
-0.08085,3.0292763,2.1995513,-2.1708542,-2.4603553
-0.0806,3.0602375,2.0100502,-2.2018154,-2.5924623
-0.08035,3.1900804,1.9194308,-2.0904522,-2.8234509
-0.0801,3.1900804,1.8387198,-2.1708542,-2.8336683
-0.07985,3.207942,1.737574,-2.1708542,-2.9944723
-0.0796,3.2420943,1.6080402,-2.1708542,-3.0464863
-0.07935,3.3432401,1.5199939,-2.0904522,-3.2356784
-0.0791,3.3639839,1.2864321,-2.0904522,-3.1552764
-0.07885,3.4778451,1.2060301,-2.1708542,-3.3964824
-0.0786,3.5116884,0.9906391,-2.1162672,-3.5314715
-0.07835,3.5920904,0.8040201,-2.0904522,-3.5572864
-0.0781,3.6724924,0.6275435,-2.0904522,-3.5886316
-0.07785,3.6724924,0.4824121,-2.1268686,-3.762076
-0.0776,3.7528944,0.321608,-2.0332921,-3.9360546
-0.07735,3.6749905,0.160804,-2.0904522,-3.9592964
-0.0771,3.7711402,0.0621563,-2.0904522,-4.1201005
-0.07685,3.7528944,-0.160804,-2.0904522,-4.1201005
-0.0766,3.7528944,-0.321608,-2.0100502,-4.3613065
-0.07635,3.6724924,-0.4824121,-1.9297984,-4.3613065
-0.0761,3.6724924,-0.6432161,-2.0904522,-4.4625273
-0.07585,3.6724924,-0.8040201,-2.0100502,-4.5221105
-0.0756,3.5920904,-0.9648241,-2.0100502,-4.6829145
-0.07535,3.5116884,-1.1256281,-2.0100502,-4.6829145
-0.0751,3.5116884,-1.2864321,-1.9866583,-4.9007286
-0.07485,3.4312864,-1.4031004,-1.9296482,-5.0486583
-0.0746,3.3015273,-1.5925177,-2.0100502,-5.0694021
-0.07435,3.3508844,-1.6884422,-1.9296482,-5.2457286
-0.0741,3.2445173,-1.9296482,-1.9556133,-5.2457286
-0.07385,3.1900804,-1.9296482,-1.9296482,-5.4402258
-0.0736,3.1226277,-2.0100502,-2.0100502,-5.4739852
-0.07335,3.1900804,-2.0904522,-1.8570406,-5.6477386
-0.0731,3.0292763,-2.2227181,-1.9296482,-5.6477386
-0.07285,3.0292763,-2.2512563,-1.8492462,-5.8085427
-0.0726,2.8684723,-2.4120603,-1.8492462,-5.8085427
-0.07235,2.7984378,-2.4924623,-1.8492462,-6.0497487
-0.0721,2.7076683,-2.6039756,-1.9296482,-5.9693467
-0.07185,2.6272663,-2.7336683,-1.8492462,-6.2105527
-0.0716,2.5468643,-2.8866692,-1.8492462,-6.1379538
-0.07135,2.3860603,-2.9748743,-1.8492462,-6.1976121
-0.0711,2.3056583,-3.0422432,-1.8492462,-6.4050411
-0.07085,2.1992825,-3.1901066,-1.8492462,-6.3713567
-0.0706,2.0644522,-3.2964824,-1.7688442,-6.5373908
-0.07035,1.919162,-3.3613706,-1.7688442,-6.5321607
-0.0701,1.8673907,-3.4572864,-1.8492462,-6.7733668
-0.06985,1.7428442,-3.5376884,-1.7688442,-6.7733668
-0.0696,1.5846971,-3.5376884,-1.8465893,-6.9341708
-0.06935,1.5016382,-3.6180904,-1.8492462,-6.9341708
-0.0691,1.3824055,-3.6596618,-1.7688442,-7.1338055
-0.06885,1.2008577,-3.6984924,-1.7688442,-7.1753768
-0.0686,1.0996281,-3.7788106,-1.688526,-7.3360132
-0.06835,1.0192261,-3.7788944,-1.7895042,-7.2557788
-0.0681,0.7780201,-3.8592964,-1.6884422,-7.3361808
-0.06785,0.7780201,-3.8592964,-1.6884422,-7.4969848
-0.0676,0.5393034,-3.8617858,-1.7663549,-7.4969848
-0.06735,0.5368141,-3.9396985,-1.6884422,-7.6577889
-0.0671,0.295608,-3.9836753,-1.7248673,-7.7017657
-0.06685,0.215206,-4.0044191,-1.6727608,-7.8342742
-0.0666,0.1297416,-3.9447609,-1.6884422,-7.8185929
-0.06635,-0.026,-3.9942942,-1.6884422,-7.8989949
-0.0661,-0.106402,-3.9735505,-1.6080402,-8.0597989
-0.06585,-0.186804,-3.9396985,-1.6884422,-8.0597989
-0.0656,-0.2595705,-3.947334,-1.6080402,7.6989949
-0.06535,-0.3192287,-3.9396985,-1.6600629,7.6989949
-0.0651,-0.42801,-3.9396985,-1.5589171,7.5381909
-0.06485,-0.5084121,-3.9396985,-1.5381733,7.5381909
-0.0646,-0.6692161,-3.8695051,-1.6080402,7.4679975
-0.06435,-0.7001685,-3.8592964,-1.5585906,7.2969848
-0.0641,-0.9104221,-3.8592964,-1.6080402,7.3773869
-0.06385,-0.9908241,-3.8592964,-1.6000782,7.2969848
-0.0636,-1.1516281,-3.7916762,-1.6080402,7.0685606
-0.06335,-1.2789066,-3.81242,-1.6080402,7.1361808
-0.0631,-1.3124321,-3.7788944,-1.5819075,6.9753768
-0.06285,-1.5536382,-3.7038813,-1.6080402,6.9699879
-0.0626,-1.6340402,-3.6984924,-1.5276382,6.9753768
-0.06235,-1.6340402,-3.6984924,-1.5276382,6.7341708
-0.0621,-1.8752462,-3.6180904,-1.5276382,6.7910132
-0.06185,-1.9556482,-3.6152746,-1.5276382,6.7341708
-0.0616,-2.0360502,-3.5376884,-1.4472362,6.5733668
-0.06135,-2.1164522,-3.4572864,-1.485908,6.5316365
-0.0611,-2.2178407,-3.4572864,-1.4472362,6.4125627
-0.06085,-2.2772563,-3.3768844,-1.5276382,6.4125627
-0.0606,-2.4380603,-3.2964824,-1.4472362,6.4125627
-0.06035,-2.4772174,-3.2964824,-1.4080791,6.2105138
-0.0601,-2.5184623,-3.2160804,-1.5276382,6.2517587
-0.05985,-2.6769358,-3.1356784,-1.4472362,6.1736872
-0.0596,-2.6792663,-3.0552763,-1.3668342,6.0105527
-0.05935,-2.7596683,-2.9748743,-1.4472362,6.0471367
-0.0591,-2.9046321,-2.8944723,-1.431396,6.0105527
-0.05885,-2.9204723,-2.8944723,-1.3668342,5.8497487
-0.0586,-3.0812763,-2.788423,-1.4472362,5.8497487
-0.05835,-3.0348852,-2.6532663,-1.3668342,5.8497487
-0.0581,-3.1484113,-2.6532663,-1.3668342,5.6889447
-0.05785,-3.2420804,-2.5728643,-1.3668342,5.6889447
-0.0576,-3.2420804,-2.4642418,-1.2864321,5.6367631
-0.05735,-3.2735181,-2.4610245,-1.2864321,5.4477386
-0.0571,-3.4028844,-2.3316583,-1.3668342,5.4477386
-0.05685,-3.4028844,-2.3316583,-1.3668342,5.5281406
-0.0566,-3.4028844,-2.2016478,-1.2368237,5.2869346
-0.05635,-3.4832864,-2.1193169,-1.3668342,5.2869346
-0.0561,-3.4832864,-2.0904522,-1.2864321,5.2869346
-0.05585,-3.4959093,-2.0778293,-1.2738092,5.2191555
-0.0556,-3.5970551,-2.0100502,-1.2060301,5.1261306
-0.05535,-3.5636884,-1.9837587,-1.3405426,5.1261306
-0.0551,-3.6440904,-1.854794,-1.2115779,5.1205829
-0.05485,-3.6440904,-1.9296482,-1.3516381,4.9501305
-0.0546,-3.6885526,-1.7688442,-1.2864321,4.8849246
-0.05435,-3.7244924,-1.6884422,-1.2864321,4.8849246
-0.0541,-3.7244924,-1.6854676,-1.2060301,4.7270952
-0.05385,-3.7422616,-1.5454073,-1.2864321,4.7241205
-0.0536,-3.8048944,-1.4472362,-1.2864321,4.7241205
-0.05335,-3.8260397,-1.3668342,-1.1848848,4.7241205
-0.0531,-3.8048944,-1.2868337,-1.2060301,4.5633165
-0.05285,-3.9056387,-1.2060301,-1.2864321,4.5429743
-0.0526,-3.9656985,-1.0452261,-1.2060301,4.5240006
-0.05235,-3.9038686,-1.0452261,-1.1256281,4.4829145
-0.0521,-3.9656985,-0.9669957,-1.1256281,4.3221105
-0.05185,-4.0461005,-0.8040201,-1.2060301,4.4025125
-0.0516,-4.0461005,-0.7672773,-1.1256281,4.3588533
-0.05135,-4.0461005,-0.7236181,-1.1256281,4.4025125
-0.0511,-4.0413557,-0.6479608,-1.0452261,4.1613065
-0.05085,-4.0461005,-0.5628141,-1.1256281,4.1613065
-0.0506,-4.0461005,-0.4824121,-1.1256281,4.1613065
-0.05035,-4.1265025,-0.40201,-1.0452261,4.1613065
-0.0501,-4.1191846,-0.40201,-1.1256281,4.0005025
-0.04985,-4.1265025,-0.321608,-1.2060301,4.0005025
-0.0496,-4.1265025,-0.160804,-1.1256281,3.9689059
-0.04935,-4.1265025,-0.160804,-1.1147753,3.9309533
-0.0491,-4.0559914,-0.1509131,-0.9648241,3.8298075
-0.04885,-4.1265025,-0.080402,-1.1256281,3.7592964
-0.0486,-4.1265025,0.1094255,-1.0452261,3.8396984
-0.04835,-4.1265025,0.080402,-1.0452261,3.8314187
-0.0481,-4.0461005,0.160804,-1.0452261,3.7592964
-0.04785,-4.0793083,0.160804,-1.0120183,3.5984924
-0.0476,-4.0461005,0.321608,-1.0452261,3.5984924
-0.04735,-4.0461005,0.321608,-0.9705307,3.5984924
-0.0471,-4.0461005,0.4170472,-0.9648241,3.5984924
-0.04685,-4.0461005,0.4466311,-0.9648241,3.5984924
-0.0466,-3.9895757,0.4824121,-0.9082994,3.4376884
-0.04635,-4.042967,0.5596806,-0.9679576,3.4376884
-0.0461,-4.0461005,0.6608264,-0.9648241,3.4376884
-0.04585,-4.0461005,0.7236181,-0.9648241,3.4376884
-0.0456,-4.0247963,0.7236181,-0.8844221,3.4376884
-0.04535,-3.9662588,0.7236181,-0.8844221,3.1970427
-0.0451,-4.025917,0.8844221,-0.9850075,3.256701
-0.04485,-3.9656985,0.9648241,-0.9648241,3.2374096
-0.0446,-3.9656985,0.9648241,-0.8844221,3.2152134
-0.04435,-3.9656985,0.9648241,-0.8060328,3.2768844
-0.0441,-3.908053,1.0224696,-0.8267766,3.1964824
-0.04385,-3.9656985,0.9648241,-0.8475204,3.0725801
-0.0436,-3.8852964,1.1256281,-0.9486662,3.0356784
-0.04335,-3.8852964,1.2060301,-0.8844221,3.0356784
-0.0431,-3.8302241,1.2313598,-0.8590925,3.0356784
-0.04285,-3.8509679,1.2864321,-0.8500935,3.0356784
-0.0426,-3.8184792,1.2728473,-0.8040201,3.0356784
-0.04235,-3.8852964,1.2864321,-0.8040201,3.1017624
-0.0421,-3.8048944,1.3389314,-0.7761173,2.8469716
-0.04185,-3.8048944,1.4472362,-0.8844221,2.8748743
-0.0416,-3.8048944,1.4472362,-0.8150318,2.8748743
-0.04135,-3.8048944,1.5276382,-0.7333502,2.8748743
-0.0411,-3.7744186,1.5276382,-0.7236181,2.8748743
-0.04085,-3.7244924,1.5276382,-0.8040201,2.8748743
-0.0406,-3.7964559,1.5276382,-0.7236181,2.8748743
-0.04035,-3.7244924,1.5276382,-0.7113129,2.6336683
-0.0401,-3.7244924,1.6080402,-0.8040201,2.7140703
-0.03985,-3.6706997,1.661833,-0.8040201,2.6874611
-0.0396,-3.6440904,1.6884422,-0.8040201,2.7140703
-0.03935,-3.6440904,1.6884422,-0.7236181,2.6336683
-0.0391,-3.6888703,1.7240643,-0.7236181,2.6692904
-0.03885,-3.6440904,1.7688442,-0.6672522,2.6900342
-0.0386,-3.6440904,1.7688442,-0.6432161,2.710778
-0.03835,-3.6440904,1.7058936,-0.6432161,2.6511197
-0.0381,-3.6440904,1.7266374,-0.7236181,2.5150711
-0.03785,-3.6226274,1.7688442,-0.7236181,2.4728643
-0.0376,-3.5636884,1.8492462,-0.7236181,2.5525471
-0.03735,-3.5636884,1.9296482,-0.7035935,2.4728643
-0.0371,-3.6044567,1.8492462,-0.6432161,2.512498
-0.03685,-3.5636884,1.9296482,-0.6432161,2.4728643
-0.0366,-3.5636884,1.9296482,-0.6432161,2.4728643
-0.03635,-3.5636884,1.9070506,-0.6432161,2.4728643
-0.0361,-3.5636884,1.9296482,-0.6061555,2.4728643
-0.03585,-3.5636884,1.8492462,-0.5628141,2.4728643
-0.0356,-3.5636884,1.9296482,-0.5628141,2.4728643
-0.03535,-3.5636884,1.8492462,-0.5075828,2.4728643
-0.0351,-3.5636884,1.8951608,-0.5973015,2.3120603
-0.03485,-3.4832864,1.9433919,-0.6432161,2.3120603
-0.0346,-3.4832864,2.0904522,-0.5698142,2.3120603
-0.03435,-3.4832864,2.0904522,-0.6154722,2.3120603
-0.0341,-3.4028844,2.0585379,-0.5628141,2.2635726
-0.03385,-3.4140549,2.0904522,-0.4824121,2.3120603
-0.0336,-3.4028844,2.0904522,-0.4824121,2.3120603
-0.03335,-3.4028844,2.0904522,-0.5628141,2.3120603
-0.0331,-3.4028844,2.1197935,-0.5117533,2.3120603
-0.03285,-3.474689,2.0904522,-0.4824121,2.3206577
-0.0326,-3.4028844,2.0904522,-0.4702657,2.3120603
-0.03235,-3.4028844,2.0904522,-0.4824121,2.3120603
-0.0321,-3.4028844,2.1708542,-0.455644,2.3120603
-0.03185,-3.3285067,2.1708542,-0.4080344,2.3180846
-0.0316,-3.4028844,2.1708542,-0.4824121,2.3120603
-0.03135,-3.4028844,2.1708542,-0.3665468,2.3120603
-0.0311,-3.4028844,2.0904522,-0.40201,2.2316583
-0.03085,-3.4028844,2.1708542,-0.40201,2.3120603
-0.0306,-3.3855918,2.1708542,-0.40201,2.3120603
-0.03035,-3.4028844,2.0904522,-0.3596444,2.3120603
-0.0301,-3.4028844,2.1708542,-0.3803882,2.3120603
-0.02985,-3.4028844,2.1708542,-0.321608,2.3120603
-0.0296,-3.4028844,2.1708542,-0.321608,2.3120603
-0.02935,-3.4028844,2.1302448,-0.321608,2.3120603
-0.0291,-3.4028844,2.0904522,-0.321608,2.3120603
-0.02885,-3.4028844,2.0921473,-0.321608,2.3120603
-0.0286,-3.4028844,2.0904522,-0.321608,2.3120603
-0.02835,-3.4028844,2.0904522,-0.321608,2.3120603
-0.0281,-3.4028844,2.1543786,-0.2576817,2.2481339
-0.02785,-3.4028844,2.1665861,-0.321608,2.3077921
-0.0276,-3.4028844,2.1458423,-0.321608,2.3120603
-0.02735,-3.4028844,2.1708542,-0.2869617,2.3120603
-0.0271,-3.4028844,2.1043548,-0.2551085,2.3120603
-0.02685,-3.4097256,2.0904522,-0.321608,2.305219
-0.0266,-3.4028844,2.1180373,-0.321608,2.3120603
-0.02635,-3.4028844,2.0904522,-0.241206,2.3120603
-0.0261,-3.4142138,2.1708542,-0.241206,2.3120603
-0.02585,-3.4028844,2.1614399,-0.2506204,2.2410726
-0.0256,-3.3727262,2.1406961,-0.2713642,2.2618164
-0.02535,-3.4028844,2.1708542,-0.2707061,2.3120603
-0.0251,-3.4028844,2.0904522,-0.241206,2.303304
-0.02485,-3.4028844,2.1708542,-0.241206,2.2316583
-0.0246,-3.3701531,2.1708542,-0.241206,2.279329
-0.02435,-3.4028844,2.1708542,-0.241206,2.3120603
-0.0241,-3.4028844,2.0904522,-0.241206,2.2378414
-0.02385,-3.4028844,2.0904522,-0.241206,2.3120603
-0.0236,-3.4028844,2.1708542,-0.160804,2.3120603
-0.02335,-3.4028844,2.1708542,-0.241206,2.3120603
-0.0231,-3.4028844,2.1672442,-0.241206,2.3120603
-0.02285,-3.3396161,2.1708542,-0.241206,2.3120603
-0.0226,-3.4028844,2.1708542,-0.1986815,2.3120603
-0.02235,-3.4028844,2.112233,-0.1825847,2.3120603
-0.0221,-3.4028844,2.1698173,-0.241206,2.3120603
-0.02185,-3.4028844,2.1101591,-0.241206,2.4728643
-0.0216,-3.4832864,2.0500016,-0.0404506,2.4728643
-0.02135,-3.4832864,1.9296482,-0.080402,2.4728643
-0.0211,-3.5621522,2.0085141,-0.080402,2.4728643
-0.02085,-3.5636884,1.9296482,-0.102682,2.4728643
-0.0206,-3.5263101,1.9296482,-0.080402,2.4728643
-0.02035,-3.5470539,2.0100502,-0.080402,2.4728643
-0.0201,-3.5636884,1.9255389,-0.080402,2.4728643
-0.01985,-3.5636884,1.9296482,-0.080402,2.4977174
-0.0196,-3.5636884,1.9296482,-0.1259989,2.4728643
-0.01935,-3.5636884,1.9296482,-0.1467426,2.5532663
-0.0191,-3.5636884,1.9296482,-0.080402,2.4728643
-0.01885,-3.5636884,1.9296482,-0.080402,2.6866441
-0.0186,-3.6118584,1.8492462,0.04817,2.6336683
-0.01835,-3.6440904,1.7688442,0,2.6451566
-0.0181,-3.6440904,1.7688442,0,2.7140703
-0.01785,-3.6440904,1.7688442,0,2.7140703
-0.0176,-3.6440904,1.7181011,0,2.6844114
-0.01735,-3.6440904,1.7688442,0,2.7140703
-0.0171,-3.6440904,1.6884422,0,2.6336683
-0.01685,-3.69192,1.7210146,0,2.6814979
-0.0166,-3.6440904,1.6884422,0,2.8748743
-0.01635,-3.7244924,1.6143822,0.080402,2.8748743
-0.0161,-3.7244924,1.4616379,0.080402,2.8748743
-0.01585,-3.8048944,1.4472362,0.080402,2.8748743
-0.0156,-3.8048944,1.4227235,0.0558893,2.8748743
-0.01535,-3.8048944,1.4472362,0.080402,2.8748743
-0.0151,-3.8048944,1.383809,0.0169749,2.8748743
-0.01485,-3.8048944,1.4472362,0.080402,2.832191
-0.0146,-3.8048944,1.2864321,0.160804,3.0941408
-0.01435,-3.8048944,1.2060301,0.160804,3.0356784
-0.0141,-3.8852964,1.1256281,0.09995,3.0356784
-0.01385,-3.8852964,1.1256281,0.160804,3.0356784
-0.0136,-3.946332,1.1256281,0.160804,3.0356784
-0.01335,-3.8852964,1.1256281,0.080402,3.0356784
-0.0131,-3.9656985,1.0673472,0.1025231,3.2186035
-0.01285,-3.9281613,0.9648241,0.2358783,3.1964824
-0.0126,-3.9656985,0.8208134,0.241206,3.260091
-0.01235,-3.9656985,0.8040201,0.241206,3.1964824
-0.0121,-4.0461005,0.8040201,0.1854982,3.2211766
-0.01185,-4.0461005,0.8040201,0.160804,3.1964824
-0.0116,-3.9656985,0.8040201,0.1750243,3.4234682
-0.01135,-3.9656985,0.6497396,0.321608,3.4376884
-0.0111,-4.0461005,0.5096794,0.241206,3.4376884
-0.01085,-4.0461005,0.4824121,0.241206,3.3896773
-0.0106,-4.0344533,0.4824121,0.241206,3.4376884
-0.01035,-4.0461005,0.4824121,0.160804,3.4376884
-0.0101,-4.0461005,0.40201,0.321608,3.5984924
-0.00985,-4.0461005,0.321608,0.321608,3.5984924
-0.0096,-4.0551745,0.169878,0.312534,3.5984924
-0.00935,-4.0577702,0.1724738,0.2528758,3.6672247
-0.0091,-4.0461005,0.1932176,0.241206,3.8396984
-0.00885,-4.0992578,0.1335593,0.3747654,3.7592964
-0.0086,-4.1200016,-0.0065009,0.321608,3.7592964
-0.00835,-4.0603433,-0.0946449,0.321608,3.8254556
-0.0081,-4.0461005,-0.1258173,0.241206,3.7942831
-0.00785,-4.0461005,-0.160804,0.241206,4.0005025
-0.0076,-4.1225747,-0.3176803,0.40201,3.9965747
-0.00735,-4.0461005,-0.40201,0.385194,3.9369165
-0.0071,-4.0889427,-0.4824121,0.3591678,4.0005025
-0.00685,-4.0461005,-0.40201,0.2995096,3.9421989
-0.0066,-4.1251478,-0.4837667,0.40201,4.1613065
-0.00635,-4.0461005,-0.6432161,0.4213992,4.1613065
-0.0061,-4.0461005,-0.683349,0.40201,4.1613065
-0.00585,-4.0461005,-0.7844948,0.3411334,4.1613065
-0.0056,-3.9669169,-0.8040201,0.4824121,4.323329
-0.00535,-3.9876607,-0.9648241,0.4604498,4.3440727
-0.0051,-4.0033944,-1.0075301,0.40201,4.3648165
-0.00485,-3.9826507,-1.0621783,0.40201,4.3390627
-0.0046,-4.0461005,-1.0452261,0.40201,4.559525
-0.00435,-4.0461005,-1.1814948,0.4824121,4.4829145
-0.0041,-3.9204193,-1.2864321,0.4472892,4.5633165
-0.00385,-3.8996755,-1.3008112,0.40201,4.5489374
-0.0036,-3.8916611,-1.3668342,0.5564494,4.7241205
-0.00335,-3.8852964,-1.4743446,0.5095205,4.7241205
-0.0031,-3.8852964,-1.5601879,0.4345598,4.7241205
-0.00285,-3.8852964,-1.5962342,0.4824121,4.7241205
-0.0026,-3.8048944,-1.6795044,0.5538763,4.8849246
-0.00235,-3.8048944,-1.7688442,0.5120936,4.8849246
-0.0021,-3.7544691,-1.7688442,0.4824121,4.8849246
-0.00185,-3.7244924,-1.8492462,0.4824121,5.0549615
-0.0016,-3.6440904,-1.9985393,0.5628141,5.1261306
-0.00135,-3.6440904,-1.9619029,0.5628141,5.1261306
-0.0011,-3.6440904,-2.0100502,0.4824121,5.2869346
-0.00085,-3.5636884,-2.0100502,0.5694738,5.2869346
-0.0006,-3.4973704,-2.1567702,0.5628141,5.2869346
-0.00035,-3.4832864,-2.1708542,0.5628141,5.2869346
-1E-04,-3.5636884,-2.1708542,0.5379836,5.5281406
0.00015,-3.4028844,-2.2553429,0.5628141,5.4518253
0.0004,-3.3224824,-2.4120603,0.5794712,5.5114835
0.00065,-3.3224824,-2.4120603,0.5628141,5.6889447
0.0009,-3.1839357,-2.5147196,0.6432161,5.6085427
0.00115,-3.1616784,-2.5728643,0.6432161,5.6085427
0.0014,-3.1424481,-2.6532663,0.6239858,5.7885769
0.00165,-3.0812763,-2.6936943,0.6831901,5.8093207
0.0019,-2.9401565,-2.8140703,0.7039339,5.8497487
0.00215,-2.9204723,-2.8944723,0.6432161,5.8497487
0.0024,-2.8400703,-2.953071,0.7236181,6.0105527
0.00265,-2.7596683,-2.9748743,0.7236181,6.0105527
0.0029,-2.5988643,-3.1185673,0.6432161,6.2346477
0.00315,-2.5952316,-3.1356784,0.7272508,6.1749894
0.0034,-2.4624368,-3.2160804,0.7236181,6.2273822
0.00365,-2.4380603,-3.2964824,0.6432161,6.216477
0.0039,-2.2772563,-3.2964824,0.7894821,6.3980248
0.00415,-2.1906484,-3.3768844,0.7978143,6.4125627
0.0044,-2.1164522,-3.3768844,0.6966685,6.5733668
0.00465,-2.0360502,-3.4572864,0.8040201,6.5733668
0.0049,-1.8872111,-3.5496532,0.7355829,6.5733668
0.00515,-1.7948442,-3.6093115,0.651995,6.7429497
0.0054,-1.6340402,-3.6689697,0.8040201,6.7636935
0.00565,-1.5536382,-3.6984924,0.7537536,6.7341708
0.0059,-1.5536382,-3.7788944,0.7236181,6.9753768
0.00615,-1.3928342,-3.7788944,0.87307,6.9063269
0.0064,-1.3124321,-3.8592964,0.8040201,6.9753768
0.00665,-1.2320301,-3.8592964,0.8844221,7.0833412
0.0069,-1.0712261,-3.9396985,0.8040201,7.1361808
0.00715,-1.0573009,-3.9396985,0.8040201,7.1361808
0.0074,-0.9104221,-3.9396985,0.8040201,7.3427179
0.00765,-0.8300201,-4.0201005,0.8844221,7.3773869
0.0079,-0.7453726,-4.0201005,0.8040201,7.5381909
0.00815,-0.5888141,-4.0201005,0.8844221,7.5381909
0.0084,-0.5084121,-4.0201005,0.8844221,7.4950309
0.00865,-0.4504262,-4.0201005,0.8620059,7.6989949
0.0089,-0.267206,-4.0217728,0.9648241,7.6973225
0.00915,-0.2058754,-4.0201005,0.8844221,-8.0597989
0.0094,-0.106402,-4.0201005,0.9648241,-8.0597989
0.00965,-0.026,-3.9595415,0.8844221,-8.0597989
0.0099,0.0535013,-4.0191997,0.9648241,-7.8989949
0.01015,0.1935615,-4.0201005,0.9648241,-7.8989949
0.0104,0.215206,-3.9777122,0.8844221,-7.7001772
0.01065,0.37601,-3.9396985,0.982094,-7.6577889
0.0109,0.4564121,-3.9362246,0.9613503,-7.4969848
0.01115,0.6172161,-3.8592964,1.0452261,-7.4969848
0.0114,0.7780201,-3.8592964,0.9648241,-7.4969848
0.01165,0.8437253,-3.8592964,0.9501273,-7.3361808
0.0119,1.0192261,-3.7788944,1.0452261,-7.3361808
0.01215,1.0728374,-3.6984924,0.9648241,-7.1485861
0.0124,1.2604321,-3.6656249,1.0452261,-7.0949748
0.01265,1.3408342,-3.6302141,0.9648241,-7.0949748
0.0129,1.5016382,-3.5376884,1.0452261,-6.9341708
0.01315,1.6330783,-3.4572864,1.0452261,-6.9341708
0.0134,1.7125498,-3.426992,1.0452261,-6.7733668
0.01365,1.8232462,-3.306033,1.0452261,-6.7025153
0.0139,1.972857,-3.2964824,0.9760173,-6.6125627
0.01415,2.1448542,-3.1356784,1.0452261,-6.5806258
0.0144,2.2252563,-3.0552763,0.9925454,-6.3713567
0.01465,2.3056583,-3.0552763,1.0452261,-6.3713567
0.0149,2.4664623,-2.9748743,1.0589924,-6.2105527
0.01515,2.5813744,-2.8944723,1.2060301,-6.1646608
0.0154,2.7076683,-2.7336683,1.10048,-6.1854046
0.01565,2.7076683,-2.7336683,1.2060301,-6.0453443
0.0159,2.8684723,-2.5728643,1.1256281,-5.9693467
0.01615,2.9488743,-2.5728643,1.0885449,-5.8085427
0.0164,3.1096784,-2.4120603,1.1834551,-5.8085427
0.01665,3.1096784,-2.3316583,1.1256281,-5.6477386
0.0169,3.1711678,-2.1708542,1.1871176,-5.5862492
0.01715,3.2297367,-2.0904522,1.0859718,-5.4065326
0.0174,3.2704824,-2.0100502,1.1860282,-5.4265345
0.01765,3.2704824,-1.9296482,1.12637,-5.2457286
0.0179,3.3508844,-1.7688442,1.2060301,-5.2457286
0.01815,3.3931138,-1.6884422,1.1678576,-5.0849246
0.0184,3.4312864,-1.464665,1.2060301,-5.0849246
0.01865,3.5083734,-1.4439212,1.1256281,-4.9208056
0.0189,3.4312864,-1.2864321,1.2060301,-4.8677773
0.01915,3.556491,-1.1256281,1.2060301,-4.6829145
0.0194,3.5772347,-0.9648241,1.2864321,-4.6829145
0.01965,3.5979785,-0.878534,1.1315162,-4.4475966
0.0199,3.5920904,-0.6432161,1.232662,-4.4683404
0.02015,3.5920904,-0.5154384,1.2060301,-4.2809045
0.0204,3.5920904,-0.321608,1.2741496,-4.2809045
0.02065,3.5920904,-0.241206,1.2864321,-4.1920412
0.0209,3.5920904,0,1.3376292,-4.1493055
0.02115,3.6225436,0.160804,1.2864321,-3.9592964
0.0214,3.5920904,0.40201,1.2864321,-3.9592964
0.02165,3.6031248,0.4934464,1.3668342,-3.7874581
0.0219,3.5920904,0.7236181,1.2864321,-3.7498685
0.02215,3.5920904,0.8040201,1.2864321,-3.6098083
0.0224,3.5188247,1.0452261,1.3668342,-3.5572864
0.02265,3.5252959,1.1256281,1.2864321,-3.3964824
0.0229,3.5116884,1.2864321,1.3668342,-3.1552764
0.02315,3.4863814,1.4472362,1.3921411,-3.1552764
0.0234,3.4312864,1.6080402,1.2864321,-2.9944723
0.02365,3.4312864,1.7046228,1.2864321,-2.9302509
0.0239,3.31396,1.8492462,1.3668342,-2.8336683
0.02415,3.1900804,1.9296482,1.4245023,-2.8336683
0.0244,3.1900804,2.0100502,1.3668342,-2.5944524
0.02465,3.0292763,2.1708542,1.3668342,-2.5924623
0.0249,2.9883718,2.2512563,1.4472362,-2.3907537
0.02515,2.8684723,2.351819,1.4472362,-2.4316583
0.0254,2.7874873,2.4924623,1.3668342,-2.2708542
0.02565,2.6863415,2.5941911,1.4472362,-2.050975
0.0259,2.4664623,2.6953369,1.4893067,-2.0296482
0.02615,2.3860603,2.8140703,1.4296485,-1.8688442
0.0264,2.2252563,2.8944723,1.4472362,-1.8720003
0.02665,2.1209543,2.9987743,1.4711361,-1.7080402
0.0269,1.9036482,3.1356784,1.4829945,-1.5025925
0.02715,1.8082317,3.2010658,1.5426527,-1.4668342
0.0274,1.5016382,3.2964824,1.4472362,-1.3060301
0.02765,1.3408342,3.3768844,1.4737092,-1.3060301
0.0279,1.2604321,3.5045032,1.574855,-1.0980093
0.02815,1.0316675,3.5376884,1.5276382,-1.0772655
0.0284,0.8667245,3.6984924,1.5276382,-0.9040201
0.02865,0.7489739,3.6984924,1.5276382,-0.7432161
0.0289,0.5368141,3.7788944,1.5774281,-0.7432161
0.02915,0.4564121,3.7788944,1.6080402,-0.5118783
0.0294,0.215206,3.928823,1.5276382,-0.421608
0.02965,0.1031848,3.8909157,1.5276382,-0.3899888
0.0299,-0.078363,3.9116595,1.6080402,-0.180402
0.03015,-0.2599108,3.8592964,1.6080402,-0.180402
0.0304,-0.347608,3.8592964,1.6214888,-0.019598
0.03065,-0.4622024,3.8592964,1.6080402,0.221608
0.0309,-0.6946819,3.7788944,1.6080402,0.221608
0.03115,-0.825298,3.7836165,1.6080402,0.3824121
0.0314,-1.0712261,3.7145141,1.6724205,0.5432161
0.03165,-1.2320301,3.6617269,1.6884422,0.5432161
0.0319,-1.3928342,3.6409831,1.6080402,0.7040201
0.03215,-1.5536382,3.5376884,1.6080402,0.7844221
0.0324,-1.7144422,3.4572864,1.6884422,0.9452261
0.03265,-1.8752462,3.3375458,1.6884422,1.1060301
0.0329,-2.0563698,3.2160804,1.6884422,1.1060301
0.03315,-2.2772563,3.2156562,1.6080402,1.2668342
0.0334,-2.4380603,3.0341084,1.6672742,1.5080402
0.03365,-2.640776,2.9329626,1.7269325,1.4661285
0.0339,-2.7596683,2.8767258,1.7061887,1.7314997
0.03415,-2.9234696,2.7336683,1.7688442,1.8296482
0.0344,-3.1379373,2.6295252,1.7688442,1.9100502
0.03465,-3.2865652,2.4479774,1.6884422,2.0708542
0.0349,-3.4028844,2.3316583,1.6884422,2.2316583
0.03515,-3.4888568,2.2401155,1.7632738,2.2316583
0.0354,-3.6177762,2.0641381,1.822932,2.4728643
0.03565,-3.6911484,1.8825903,1.8021883,2.6003243
0.0359,-3.7244924,1.6884422,1.8492462,2.6336683
0.03615,-3.7967509,1.6080402,1.7607007,2.7222138
0.0364,-3.8048944,1.4183489,1.7688442,3.0067911
0.03665,-3.8852964,1.2368011,1.7688442,3.0853094
0.0369,-3.8953236,1.0452261,1.8392191,3.1864552
0.03715,-3.8960131,0.8737055,1.8492462,3.3572864
0.0374,-3.9656985,0.6432161,1.8492462,3.3572864
0.03765,-4.0179026,0.4302079,1.7688442,3.5180904
0.0379,-3.9731525,0.241206,1.7688442,3.7592964
0.03815,-3.9656985,-0.080402,1.7688442,3.7858759
0.0384,-3.9656985,-0.241206,1.8492462,3.9201005
0.03865,-3.9913232,-0.4567873,1.8492462,4.1065292
0.0389,-3.8901774,-0.7236181,1.8541271,4.2465894
0.03915,-3.9656985,-0.9648241,1.8651091,4.3379734
0.0394,-3.9656985,-1.2060301,1.9296482,4.4829145
0.03965,-3.9426469,-1.3437826,1.7918958,4.6437185
0.0399,-3.8876043,-1.529946,1.8492462,4.8849246
0.04015,-3.8048944,-1.7688442,1.8492462,4.8664886
0.0404,-3.7244924,-1.9296482,1.9296482,5.0457286
0.04065,-3.6046454,-2.0699738,1.9091697,5.2065326
0.0409,-3.5636884,-2.2512563,1.9299135,5.2866693
0.04115,-3.4622773,-2.2722653,2.0100502,5.4477386
0.0414,-3.3611315,-2.4507094,2.0100502,5.6085427
0.04165,-3.1616784,-2.6532663,2.0100502,5.7693467
0.0419,-3.0008743,-2.8140703,2.0100502,5.7693467
0.04215,-2.8400703,-2.9180545,1.9296482,5.9869705
0.0424,-2.6792663,-3.0109504,1.9296482,6.1713567
0.04265,-2.4533925,-3.2007481,1.9296482,6.3321607
0.0429,-2.1968542,-3.2964824,2.0100502,6.3321607
0.04315,-1.9556482,-3.4030397,2.0100502,6.5733668
0.0434,-1.7948442,-3.5376884,2.0100502,6.6537688
0.04365,-1.5536382,-3.6857333,2.0100502,6.8949748
0.0439,-1.3848495,-3.7788944,2.0824676,6.8949748
0.04415,-1.1516281,-3.8592964,2.0904522,7.0557788
0.0444,-0.9908241,-3.9396985,2.0904522,7.2475126
0.04465,-0.7496181,-4.0099144,2.0904522,7.4577889
0.0449,-0.5888141,-4.1005025,2.1602965,7.6185929
0.04515,-0.3163065,-4.1005025,2.1708542,7.6185929
0.0454,-0.186804,-4.1005025,2.0100502,-8.1118442
0.04565,0.0467891,-4.0928896,2.0100502,-7.971784
0.0459,0.134804,-4.0201005,2.0231811,-7.7381909
0.04615,0.4098847,-3.9396985,2.0439249,-7.7043162
0.0464,0.6172161,-3.88508,2.0904522,-7.5773869
0.04665,0.9287445,-3.8592964,2.0904522,-7.4165828
0.0469,1.0349301,-3.7631904,2.1551503,-7.1753768
0.04715,1.2604321,-3.6180904,2.0904522,-7.1024813
0.0474,1.5016382,-3.5608989,2.1708542,-7.0145728
0.04765,1.7379109,-3.3793511,2.1683876,-6.7758334
0.0479,1.9036482,-3.2343575,2.1708542,-6.6125627
0.04815,2.1448542,-3.0552763,2.1318334,-6.4517587
0.0484,2.3860603,-2.8944723,2.1708542,-6.2703174
0.04865,2.6272663,-2.8139639,2.1708542,-6.1301507
0.0489,2.8476221,-2.6532663,2.2512563,-6.1093005
0.04915,2.9488743,-2.5312703,2.2124483,-5.8473507
0.0494,3.1096784,-2.3497225,2.233192,-5.7281406
0.04965,3.1927599,-2.0904522,2.2512563,-5.5646571
0.0499,3.2939057,-1.9530716,2.2512563,-5.3261306
0.05015,3.4312864,-1.7688442,2.2512563,-5.2377964
0.0504,3.4961973,-1.5276382,2.2512563,-5.1498355
0.05065,3.5116884,-1.2864321,2.2512563,-4.9241206
0.0509,3.5920904,-1.1256281,2.2772527,-4.7633165
0.05115,3.5920904,-0.8844221,2.284918,-4.5221105
0.0514,3.5920904,-0.5757321,2.2641742,-4.3613065
0.05165,3.5999162,-0.321608,2.3316583,-4.2730787
0.0519,3.540258,-0.080402,2.3316583,-4.229072
0.05215,3.5116884,0.1790287,2.3005696,-3.9903851
0.0524,3.5920904,0.4123549,2.3316583,-3.7984924
0.05265,3.5116884,0.734017,2.3316583,-3.6376884
0.0529,3.5428311,1.0140834,2.3316583,-3.4457417
0.05315,3.5402039,1.2579166,2.3835447,-3.3731115
0.0534,3.4390582,1.4472362,2.3316583,-3.2356784
0.05365,3.4312864,1.7558722,2.3316583,-3.0748743
0.0539,3.3508844,1.8492462,2.3783445,-2.9140703
0.05415,3.1900804,2.0100502,2.3861179,-2.6988067
0.0544,3.034475,2.1708542,2.3316583,-2.5120603
0.05465,2.8840175,2.3316583,2.3965151,-2.2863994
0.0549,2.7076683,2.5728643,2.4120603,-2.1100502
0.05515,2.5468643,2.710299,2.3316583,-2.0530175
0.0554,2.3030327,2.8166959,2.3316583,-1.8714697
0.05565,2.0644522,3.0552763,2.393942,-1.7703239
0.0559,1.9036482,3.0941384,2.4120603,-1.5472362
0.05615,1.6624422,3.2756862,2.4120603,-1.3864321
0.0564,1.3408342,3.3768844,2.5728119,-1.2256281
0.05665,0.9595155,3.5583798,2.4924623,-0.9844221
0.0569,0.7780201,3.6595256,2.5314291,-0.8236181
0.05715,0.5368141,3.7788944,2.4924623,-0.7614392
0.0574,0.37601,3.8592964,2.4924623,-0.421608
0.05765,-0.0027355,3.9396985,2.4691978,-0.341206
0.0579,-0.186804,3.9760922,2.4924623,-0.260804
0.05815,-0.347608,3.8749464,2.4924623,-0.035248
0.0584,-0.5837202,3.8592964,2.5728643,0.141206
0.05865,-0.7754557,3.8592964,2.4924623,0.30201
0.0589,-1.0374055,3.7788944,2.4586417,0.4966347
0.05915,-1.3124321,3.6984924,2.4924623,0.6909432
0.0594,-1.5459712,3.5376884,2.4924623,0.8648241
0.05965,-1.7948442,3.4288757,2.5492837,1.1060301
0.0599,-2.0360502,3.2160804,2.6532663,1.2355866
0.06015,-2.3471545,3.0657801,2.6532663,1.4066307
0.0604,-2.5287023,2.8944723,2.6430263,1.5986822
0.06065,-2.8710542,2.7026845,2.5728643,1.6813937
0.0609,-3.0812763,2.5728643,2.6532663,1.8296482
0.06115,-3.250011,2.4199909,2.5728643,2.1433256
0.0614,-3.4832864,2.2512563,2.5856775,2.2316583
0.06165,-3.5972453,2.0100502,2.5728643,2.3924623
0.0619,-3.7244924,1.8492462,2.5728643,2.5532663
0.06215,-3.8048944,1.6133977,2.7283108,2.7140703
0.0624,-3.8852964,1.4472362,2.6532663,2.9552763
0.06265,-3.9295684,1.1617582,2.6893964,3.1160804
0.0629,-4.0225723,0.9412959,2.6767945,3.3572864
0.06315,-4.0461005,0.5655985,2.6532663,3.515306
0.0634,-4.0461005,0.3840507,2.6532663,3.6788944
0.06365,-4.0073973,0,2.6532663,3.8813973
0.0639,-3.9656985,-0.321608,2.6532663,4.0005025
0.06415,-3.9656985,-0.6432161,2.7336683,4.2417085
0.0644,-3.905829,-0.9648241,2.7336683,4.4025125
0.06465,-3.9656985,-1.2864321,2.7336683,4.6024423
0.0649,-3.8852964,-1.5276382,2.7336683,4.8045226
0.06515,-3.8048944,-1.8492462,2.7313065,4.9629647
0.0654,-3.667196,-2.0100502,2.7105627,5.1261306
0.06565,-3.600241,-2.2074069,2.7775177,5.3673366
0.0659,-3.3382912,-2.4120603,2.8140703,5.5281406
0.06615,-3.1616784,-2.5777993,2.8140703,5.7644117
0.0664,-3.0008743,-2.8140703,2.7593471,5.8754274
0.06665,-2.7596683,-3.0088538,2.7800908,6.0909547
0.0669,-2.5184623,-3.1356784,2.7336683,6.2517587
0.06715,-2.1893462,-3.2235884,2.8215784,6.4200708
0.0674,-1.9273964,-3.4572864,2.8423222,6.5733668
0.06765,-1.5850445,-3.6180904,2.863066,6.8145728
0.0679,-1.3124321,-3.709155,2.8140703,6.9753768
0.06815,-1.0611449,-3.8592964,2.8140703,7.2165828
0.0684,-0.7496181,-4.0201005,2.7832454,7.3773869
0.06865,-0.5372453,-4.1005025,2.8944723,7.5670241
0.0689,-0.267206,-4.0281899,2.8944723,7.7793969
0.06915,-0.0937477,-4.0878482,2.8944723,-8.0597989
0.0694,0.215206,-4.0201005,2.8944723,-7.8655968
0.06965,0.4564121,-3.9396985,2.8682122,-7.603647
0.0699,0.7725037,-3.8648128,2.969358,-7.4220992
0.07015,1.0192261,-3.7788944,2.9596469,-7.2557788
0.0704,1.2604321,-3.6180904,2.8944723,-7.0949748
0.07065,1.5253252,-3.4572864,2.8944723,-6.9104838
0.0709,1.820303,-3.2935391,2.8944723,-6.6929648
0.07115,2.1626548,-2.9748743,3.0374758,-6.5321607
0.0714,2.4246046,-2.8526146,2.9748743,-6.3328124
0.07165,2.7076683,-2.6532663,2.9748743,-6.1301507
0.0719,2.8684723,-2.6528962,2.8948425,-5.9693467
0.07215,3.1096784,-2.3316583,2.914846,-5.627365
0.0724,3.2704824,-2.0511677,3.0141589,-5.6066212
0.07265,3.3508844,-1.8059258,2.9748743,-5.2024082
0.0729,3.4312864,-1.6080402,2.9748743,-5.0045226
0.07315,3.5691436,-1.2289769,2.9748743,-4.8437185
0.0734,3.5920904,-1.0015356,2.9381629,-4.639224
0.07365,3.5920904,-0.6591838,3.0552763,-4.4417085
0.0739,3.5873143,-0.40201,3.0505002,-4.2005025
0.07415,3.5116884,-0.0255199,2.9748743,-4.0396985
0.0744,3.5458268,0.2874697,3.1356784,-3.8788944
0.07465,3.5116884,0.7236181,3.0552763,-3.651083
0.0749,3.5116884,0.9648241,3.0552763,-3.4842336
0.07515,3.5116884,1.3668342,3.0552763,-3.3441734
0.0754,3.4312864,1.6080402,3.0237111,-3.1552764
0.07565,3.2704824,1.9296482,3.1356784,-2.7640878
0.0759,3.1096784,2.0904522,3.0552763,-2.5924623
0.07615,2.8684723,2.3316583,3.0552763,-2.4316583
0.0764,2.7076683,2.4634702,3.0038665,-2.1904522
0.07665,2.4664623,2.72542,3.1356784,-2.0213999
0.0769,2.2252563,2.8140703,3.1356784,-1.7884422
0.07715,1.8232462,2.9748743,3.0552763,-1.6276382
0.0774,1.5556212,3.0552763,3.1620974,-1.4128511
0.07765,1.0996281,3.2908072,3.1356784,-1.0761746
0.0779,0.7780201,3.2964824,3.1356784,-1.0798927
0.07815,0.4564121,3.4572864,3.099866,-0.6628141
0.0784,0.295608,3.4572864,3.2160804,-0.50201
0.07865,-0.0228979,3.5376884,3.2129783,-0.3381039
0.0789,-0.3299664,3.4572864,3.1356784,-0.1
0.07915,-0.4663955,3.4152698,3.2160804,0.060804
0.0794,-0.6692161,3.3556116,3.2373531,0.221608
0.07965,-0.9913531,3.1362073,3.2155514,0.5432161
0.0799,-1.3124321,3.1154636,3.2964824,0.6236181
0.08015,-1.4732362,2.8140703,3.2555238,0.9452261
0.0804,-1.6957425,2.5728643,3.2160804,1.1864321
0.08065,-1.9556482,2.3337024,3.2964824,1.3472362
0.0809,-2.1164522,2.1708542,3.2964824,1.5308281
0.08115,-2.4380603,1.9296482,3.2160804,1.7492462
0.0814,-2.5184623,1.7688442,3.2160804,1.9743257
0.08165,-2.7596683,1.683825,3.2964824,2.3120603
0.0819,-2.8400703,1.4472362,3.2711214,2.4728643
0.08215,-2.8743675,1.2521349,3.3425872,2.6797731
0.0824,-2.9204723,1.0316727,3.2964824,2.8748743
0.08265,-2.993684,0.7236181,3.369694,3.0356784
0.0829,-2.9204723,0.5628141,3.2964824,3.2768844
0.08315,-2.9204723,0.2094819,3.3768844,3.5984924
0.0834,-2.7706486,0.080402,3.2964824,3.8396984
0.08365,-2.7596683,-0.321608,3.2964824,4.0005025
0.0839,-2.6792663,-0.4824121,3.2465876,4.1613065
0.08415,-2.7305173,-0.7236181,3.3256334,4.3221105
0.0844,-2.6792663,-0.9732313,3.3684772,4.4913217
0.08465,-2.5988643,-1.2740956,3.4449498,4.8972612
0.0849,-2.5988643,-1.4472362,3.343804,5.1261306
0.08515,-2.3576583,-1.5276382,3.2964824,5.2869346
0.0854,-2.3576583,-1.6826081,3.3023165,5.4477386
0.08565,-2.1164522,-1.7033519,3.3768844,5.6234524
0.0859,-1.9556482,-1.8492462,3.3768844,5.8497487
0.08615,-1.7144422,-2.0100502,3.4008891,6.1713567
0.0864,-1.4732362,-2.0904522,3.3768844,6.4125627
0.08665,-1.1516281,-2.0904522,3.4747692,6.5733668
0.0869,-0.8682467,-2.1286788,3.4572864,6.7341708
0.08715,-0.6477844,-2.1922859,3.4358548,6.9753768
0.0874,-0.5084121,-2.2519441,3.3768844,7.0564667
0.08765,-0.347608,-2.4120603,3.4572864,7.4577889
0.0879,-0.267206,-2.4120603,3.4164867,7.6989949
0.08815,-0.0875435,-2.3932018,3.4572864,-8.0597989
0.0884,0.054402,-2.3316583,3.4572864,-7.8989949
0.08865,0.3182371,-2.1708542,3.4572864,-7.4969848
0.0889,0.4564121,-2.0904522,3.5006592,-7.3361808
0.08915,0.6172161,-1.9296482,3.4572864,-7.1112602
0.0894,0.7020765,-1.7688442,3.3768844,-6.9341708
0.08965,0.8584221,-1.6080402,3.4824886,-6.7181669
0.0899,0.9732802,-1.4472362,3.4917425,-6.5666168
0.09015,1.1800301,-1.2864321,3.4572864,-6.2105527
0.0904,1.3408342,-1.2794006,3.4643179,-6.0497487
0.09065,1.4738629,-1.1256281,3.4572864,-5.8085427
0.0909,1.5820402,-1.0452261,3.5376884,-5.5992196
0.09115,1.570901,-0.8844221,3.4572864,-5.2568678
0.0914,1.6624422,-0.7944155,3.4572864,-5.0849246
0.09165,1.5820402,-0.5628141,3.5376884,-4.8437185
0.0919,1.5820402,-0.3727002,3.5376884,-4.6829145
0.09215,1.4212362,-0.241206,3.4572864,-4.5221105
0.0924,1.4212362,-0.160804,3.5376884,-4.3613065
0.09265,1.3408342,0.080402,3.5376884,-3.9263749
0.0929,1.2604321,0.2679427,3.4840231,-3.7717557
0.09315,1.3348412,0.4824121,3.5376884,-3.5572864
0.0934,1.2604321,0.5628141,3.4572864,-3.3308312
0.09365,1.2604321,0.7236181,3.6180904,-3.0393797
0.0939,1.2604321,0.8040201,3.5376884,-2.8336683
0.09415,1.1030479,0.8844221,3.6180904,-2.5924623
0.0944,1.0996281,0.9475002,3.6180904,-2.4316583
0.09465,0.9007564,1.0452261,3.5757561,-2.067716
0.0949,0.7780201,1.0668166,3.6180904,-1.8688442
0.09515,0.5368141,1.0460728,3.5376884,-1.6284849
0.0954,0.436515,1.1256281,3.6180904,-1.4668342
0.09565,0.134804,1.0849873,3.6180904,-1.1452261
0.0959,-0.026,1.1870128,3.599073,-0.9040201
0.09615,-0.106402,1.2060301,3.6198168,-0.7432161
0.0964,-0.186804,1.2285003,3.6180904,-0.5824121
0.09665,-0.186804,1.2864321,3.5376884,-0.341206
0.0969,-0.186804,1.2224744,3.6180904,-0.1968463
0.09715,-0.347608,1.2864321,3.5376884,0.141206
0.0974,-0.42801,1.2864321,3.5627317,0.3573687
0.09765,-0.5084121,1.2060301,3.6180904,0.5432161
0.0979,-0.5888141,1.1256281,3.5376884,0.7040201
0.09815,-0.7427454,1.0383535,3.6916198,1.1060301
0.0984,-0.8300201,0.8844221,3.6180904,1.2668342
0.09865,-0.9587823,0.7236181,3.6501322,1.4759984
0.0989,-1.0712261,0.6432161,3.6180904,1.6575462
0.09915,-1.1516281,0.5628141,3.5471342,2.0614085
0.0994,-1.2822426,0.5628141,3.6984924,2.2014687
0.09965,-1.3124321,0.5628141,3.6180904,2.421931
0.0999,-1.3124321,0.4824121,3.6984924,2.6336683
0.10015,-1.324451,0.321608,3.6180904,2.9552763
0.1004,-1.3124321,0.241206,3.6180904,3.148843
0.10065,-1.3124321,0.160804,3.6984924,3.3572864
0.1009,-1.2320301,0,3.6180904,3.5180904
0.10115,-1.1516281,-0.160804,3.6984924,3.9201005
0.1014,-1.0712261,-0.241206,3.6631567,4.1162402
0.10165,-1.0712261,-0.40201,3.6984924,4.3221105
0.1019,-1.0676474,-0.4824121,3.6984924,4.4829145
0.10215,-1.0079892,-0.5628141,3.6813273,4.8849246
0.1024,-1.0712261,-0.6007229,3.6984924,5.0457286
0.10265,-0.9908241,-0.6432161,3.6398398,5.2065326
0.1029,-0.9898185,-0.7226125,3.7778889,5.3673366
0.10315,-0.9104221,-0.8040201,3.6984924,5.7693467
0.1034,-0.8300201,-0.7236181,3.6585724,5.9301507
0.10365,-0.7304419,-0.7427943,3.7597182,6.1713567
0.1039,-0.5115472,-0.8040201,3.6969249,6.3321607
0.10415,-0.3699194,-0.7236181,3.7788944,6.7341708
0.1044,-0.267206,-0.760965,3.6611455,6.8576279
0.10465,-0.267206,-0.8206232,3.7622913,7.1195777
0.1049,-0.1909447,-0.8844221,3.7788944,7.2207235
0.10515,-0.186804,-0.9093065,3.6984924,7.6185929
0.1054,-0.186804,-0.9648241,3.7788944,7.8141707
0.10565,-0.106402,-0.8984521,3.6984924,-7.9793969
0.1059,-0.026,-0.9581103,3.7788944,-7.7381909
0.10615,0.0269444,-0.8569645,3.6730055,-7.4165828
0.1064,0.054402,-0.7558187,3.6502911,-7.1753768
0.10665,0.134804,-0.7121612,3.7674375,-7.0145728
0.1069,0.1440909,-0.5628141,3.6984924,-6.8537688
0.10715,0.215206,-0.4824121,3.7788944,-6.4517587
0.1074,0.295608,-0.4527845,3.6984924,-6.2909547
0.10765,0.37601,-0.4735283,3.7073762,-6.0497487
0.1079,0.444552,-0.4824121,3.7788944,-5.8889447
0.10815,0.5042103,-0.4498083,3.6984924,-5.5673366
0.1084,0.5097596,-0.40201,3.7788944,-5.3261306
0.10865,0.5305034,-0.321608,3.6921818,-5.0912352
0.1089,0.5368141,-0.321608,3.7788944,-4.9241206
0.10915,0.5016372,-0.1959809,3.6633155,-4.6025125
0.1094,0.37601,-0.160804,3.6984924,-4.3613065
0.10965,0.2993456,-0.080402,3.7788944,-4.1967649
0.1099,0.295608,0,3.6984924,-4.0396985
0.11015,0.295608,0.123054,3.7788944,-3.6376884
0.1104,0.3541018,0.160804,3.6984924,-3.4549762
0.11065,0.37601,0.1619684,3.7788944,-3.2356784
0.1109,0.37601,0.3020287,3.7180718,-3.0748743
0.11115,0.37601,0.321608,3.6984924,-2.6728643
0.1114,0.37601,0.3409431,3.7788944,-2.5120603
0.11165,0.295608,0.40201,3.8578877,-2.1890435
0.1119,0.215206,0.4241625,3.7788944,-1.9492462
0.11215,0.054402,0.40201,3.8217907,-1.7455459
0.1124,-0.026,0.321608,3.8592964,-1.5472362
0.11265,-0.186804,0.321608,3.7788944,-1.2256281
0.1129,-0.267206,0.321608,3.8592964,-0.9844221
0.11315,-0.2217367,0.321608,3.6984924,-0.8690875
0.1134,-0.2009929,0.3878212,3.8592964,-0.5966009
0.11365,-0.1933589,0.328163,3.7788944,-0.260804
0.1139,-0.267206,0.40201,3.7788944,-0.1
0.11415,-0.2995656,0.3539676,3.811254,0.1088465
0.1144,-0.3359923,0.321608,3.7788944,0.30201
0.11465,-0.3567361,0.2503341,3.8592964,0.6327461
0.1149,-0.347608,0.241206,3.7788944,0.8648241
0.11515,-0.347608,0.160804,3.8086808,1.0256281
0.1154,-0.347608,0.1517614,3.7879371,1.2668342
0.11565,-0.42801,0.080402,3.7671933,1.5884422
0.1159,-0.42801,0.080402,3.8113394,1.7972033
0.11615,-0.5084121,0.080402,3.7788944,2.0176655
0.1164,-0.5084121,0.160804,3.7788944,2.1512563
0.11665,-0.5888141,0.0946763,3.7646202,2.5532663
0.1169,-0.5888141,0.080402,3.7788944,2.7140703
0.11715,-0.6134542,0.080402,3.8035346,2.9552763
0.1174,-0.6692161,0.080402,3.7788944,3.1160804
0.11765,-0.6523687,0,3.7788944,3.4545358
0.1179,-0.5888141,-0.0428108,3.7360836,3.6788944
0.11815,-0.4500771,-0.080402,3.7788944,3.8396984
0.1184,-0.42801,-0.160804,3.7788944,4.0809045
0.11865,-0.4474305,-0.241206,3.7594739,4.4025125
0.1189,-0.5084121,-0.241206,3.7788944,4.6035543
0.11915,-0.5888141,-0.321608,3.8592964,4.9653266
0.1194,-0.5888141,-0.3228579,3.7788944,5.1273804
0.11965,-0.5084121,-0.3436017,3.8592964,5.3673366
0.1199,-0.5084121,-0.3643454,3.8592964,5.5281406
0.12015,-0.4110892,-0.3850892,3.7788944,5.9301507
0.1204,-0.347608,-0.321608,3.8592964,6.0909547
0.12065,-0.3230413,-0.321608,3.7788944,6.2517587
0.1209,-0.267206,-0.241206,3.8592964,6.4929648
0.12115,-0.186804,-0.241206,3.7788944,6.8145728
0.1214,-0.106402,-0.2476021,3.7788944,6.9753768
0.12165,-0.186804,-0.321608,3.8592964,7.1633207
0.1219,-0.186804,-0.321608,3.7788944,7.3773869
0.12215,-0.186804,-0.40201,3.8592964,7.7793969
0.1224,-0.106402,-0.40201,3.7788944,-7.9793969
0.12265,-0.136115,-0.4824121,3.7788944,-7.8185929
0.1229,-0.106402,-0.40201,3.8592964,-7.6278436
0.12315,-0.1776025,-0.3308095,3.7696929,-7.2557788
0.1234,-0.106402,-0.321608,3.8477541,-7.0949748
0.12365,-0.106402,-0.241206,3.7788944,-6.8537688
0.1239,-0.026,-0.241206,3.8062666,-6.7733668
0.12415,-0.026,-0.160804,3.7051208,-6.3713567
0.1244,0.054402,-0.2270906,3.7788944,-6.1442661
0.12465,0.054402,-0.241206,3.8137536,-5.9693467
0.1249,0.079201,-0.2660051,3.7540954,-5.7281406
0.12515,0.1388593,-0.2452613,3.7829497,-5.4065326
0.1254,0.215206,-0.2245175,3.8592964,-5.2290401
0.12565,0.215206,-0.080402,3.8218641,-4.8007488
0.1259,0.134804,-0.160804,3.7788944,-4.6606886
0.12615,0.1333219,-0.080402,3.9382163,-4.4417085
0.1264,-0.026,-0.080402,3.7788944,-4.2809045
0.12665,-0.0660054,0,3.8592964,-3.8788944
0.1269,-0.0867492,0,3.7788944,-3.6573412
0.12715,0.054402,0.079311,3.8592964,-3.4779754
0.1274,-0.0041652,0.0585673,3.8592964,-3.3160804
0.12765,0.0165785,0.080402,3.7788944,-2.9140703
0.1279,0.054402,0.0974817,3.8592964,-2.7532663
0.12815,-0.0223359,0.080402,3.7788944,-2.5887982
0.1284,-0.0015921,0.160804,3.8592964,-2.4072504
0.12865,-0.026,0.160804,3.8141448,-1.9844966
0.1289,-0.0405066,0.160804,3.7788944,-1.8543376
0.12915,-0.106402,0.080402,3.7851316,-1.6276382
0.1294,-0.133383,0.080402,3.7788944,-1.4398532
0.12965,-0.186804,0.080402,3.8592964,-1.0648241
0.1299,-0.186804,0.0923355,3.7104259,-0.8920866
0.13015,-0.186804,0.241206,3.8504861,-0.6628141
0.1304,-0.186804,0.241206,3.8592964,-0.50201
0.13065,-0.186804,0.321608,3.7788944,-0.1
0.1309,-0.186804,0.321608,3.7788944,0.060804
0.13115,-0.2785895,0.3102246,3.8592964,0.4514306
0.1314,-0.3154808,0.1929312,3.7788944,0.6236181
0.13165,-0.294737,0.133273,3.8592964,0.7844221
0.1319,-0.267206,0.080402,3.8592964,0.9452261
0.13215,-0.267206,-0.0664455,3.792851,1.3472362
0.1324,-0.3129077,-0.0457017,3.8592964,1.5537419
0.13265,-0.347608,-0.0249579,3.7788944,1.7492462
0.1329,-0.347608,0,3.8592964,1.9100502
0.13315,-0.347608,0,3.7788944,2.3120603
0.1334,-0.42801,0,3.7788944,2.4728643
0.13365,-0.4056253,0,3.8592964,2.6560531
0.1339,-0.42801,-0.001641,3.7788944,2.8748743
0.13415,-0.42801,0,3.8401937,3.1964824
0.1344,-0.3874546,0,3.7788944,3.4376884
0.13465,-0.347608,-0.0198117,3.8592964,3.5984924
0.1349,-0.2681381,-0.080402,3.8592964,3.7602286
0.13515,-0.3259321,-0.1391281,3.7788944,4.1613065
0.1354,-0.3051884,-0.160804,3.8213141,4.4025125
0.13565,-0.347608,-0.160804,3.7788944,4.5633165
0.1359,-0.4315153,-0.160804,3.8557912,4.7241205
0.13615,-0.4522591,-0.185053,3.7546454,5.0699776
0.1364,-0.42801,-0.241206,3.7788944,5.2869346
0.13665,-0.42801,-0.321608,3.7935599,5.6742792
0.1369,-0.4219317,-0.321608,3.8592964,5.8497487
0.13715,-0.347608,-0.241206,3.7788944,6.0105527
0.1374,-0.267206,-0.241206,3.8592964,6.2041928
0.13765,-0.186804,-0.241206,3.7788944,6.5733668
0.1379,-0.106402,-0.160804,3.7788944,6.8059213
0.13815,-0.1357973,-0.241206,3.9103032,6.9753768
0.1384,-0.186804,-0.191067,3.8091574,7.1361808
0.13865,-0.186804,-0.241206,3.8592964,7.4673081
0.1389,-0.186804,-0.2524306,3.7788944,7.6989949
0.13915,-0.186804,-0.321608,3.8592964,-8.0597989
0.1394,-0.1340919,-0.321608,3.8592964,-7.8989949
0.13965,-0.106402,-0.3146619,3.7788944,-7.4969848
0.1399,-0.106402,-0.241206,3.8592964,-7.3361808
0.14015,-0.1522625,-0.241206,3.7330339,-7.0949748
0.1404,-0.106402,-0.2160893,3.8341797,-6.9341708
0.14065,-0.106402,-0.160804,3.7788944,-6.6842188
0.1409,-0.106402,-0.0967728,3.7788944,-6.3713567
0.14115,-0.0692874,-0.160804,3.8592964,-6.2105527
0.1414,-0.0034564,-0.1833477,3.8367528,-6.0497487
0.14165,0.054402,-0.1626039,3.7788944,-5.6459388
0.1419,0.054402,-0.1797479,3.7788944,-5.4065326
0.14215,0.134804,-0.160804,3.8185821,-5.0849246
0.1424,0.134804,-0.1003725,3.7788944,-4.8636891
0.14265,0.054402,-0.0811753,3.8600697,-4.6836878
0.1429,0.054402,-0.101919,3.8592964,-4.5005935
0.14315,-0.026,-0.080402,3.8592964,-4.1201005
0.1434,-0.106402,0,3.7962918,-3.941899
0.14365,-0.106402,0,3.8592964,-3.7180904
0.1439,-0.106402,0.0563119,3.8592964,-3.5572864
0.14415,-0.0615681,0,3.7788944,-3.1908444
0.1444,-0.026,0.0148243,3.8592964,-2.9944723
0.14465,-0.026,0.0744825,3.853377,-2.8277488
0.1449,-0.026,0.080402,3.8592964,-2.5924623
0.14515,-0.058995,0.080402,3.7788944,-2.2708542
0.1454,-0.026,0.080402,3.7788944,-2.0418994
0.14565,-0.106402,0.080402,3.787387,-1.8688442
0.1459,-0.0552364,0.0292364,3.7788944,-1.7080402
0.14615,-0.186804,0,3.8592964,-1.3060301
0.1464,-0.257528,0,3.7788944,-1.0745022
0.14665,-0.1978697,0.080402,3.8592964,-0.9040201
0.1469,-0.186804,0.160804,3.8107039,-0.7432161
0.14715,-0.186804,0.160804,3.7788944,-0.341206
0.1474,-0.186804,0.241206,3.8592964,-0.187507
0.14765,-0.186804,0.241206,3.7788944,0.221608
0.1479,-0.267206,0.1951866,3.813277,0.3480294
0.14815,-0.267206,0.241206,3.9396985,0.4880897
0.1484,-0.267206,0.160804,3.9351666,0.7040201
0.14865,-0.283418,0.080402,3.8592964,1.1060301
0.1489,-0.267206,0,3.8592964,1.2668342
0.14915,-0.2899085,-0.080402,3.8015969,1.5080402
0.1494,-0.3456493,-0.0784433,3.8592964,1.6708029
0.14965,-0.328823,0,3.7788944,2.0708542
0.1499,-0.347608,0.0395288,3.8197676,2.2316583
0.15015,-0.347608,0.0201294,3.8592964,2.3924623
0.1504,-0.4273956,-0.0797876,3.7788944,2.6336683
0.15065,-0.4066519,0,3.8592964,3.0143202
0.1509,-0.347608,-0.0383,3.7788944,3.1964824
0.15115,-0.347608,-0.0175563,3.8592964,3.3572864
0.1514,-0.267206,-0.0772145,3.8592964,3.5953049
0.15165,-0.267206,-0.080402,3.7788944,3.9201005
0.1519,-0.267206,-0.080402,3.8235695,4.1166314
0.15215,-0.267206,-0.1458209,3.7788944,4.3071274
0.1524,-0.347608,-0.160804,3.7846551,4.4829145
0.15265,-0.347608,-0.160804,3.7788944,4.8045226
0.1529,-0.42801,-0.2080522,3.7788944,5.0457286
0.15315,-0.42801,-0.241206,3.8592964,5.3673366
0.1534,-0.4196763,-0.241206,3.8592964,5.6085427
0.15365,-0.3185305,-0.241206,3.807972,5.7693467
0.1539,-0.2977867,-0.241206,3.8898771,5.979972
0.15415,-0.267206,-0.2313691,3.8494595,6.3321607
0.1544,-0.186804,-0.0913089,3.8592964,6.5624599
0.15465,-0.1380527,-0.1120527,3.8592964,6.7341708
0.1549,-0.106402,-0.1084096,3.806902,6.8949748
0.15515,-0.106402,-0.2339422,3.8592964,7.2969848
0.1554,-0.186804,-0.2277261,3.7788944,7.4577889
0.15565,-0.1525803,-0.241206,3.8592964,7.6647711
0.1559,-0.186804,-0.241206,3.8592964,-8.1402009
0.15615,-0.106402,-0.3169173,3.7788944,-7.7381909
0.1564,-0.1224551,-0.2572591,3.8592964,-7.5773869
0.15665,-0.106402,-0.2044092,3.7788944,-7.4165828
0.1569,-0.1639427,-0.241206,3.8592964,-7.1753768
0.15715,-0.186804,-0.160804,3.7788944,-6.8537688
0.1574,-0.106402,-0.080402,3.7788944,-6.6125627
0.15765,-0.106402,-0.080402,3.8592964,-6.4517587
0.1579,-0.026,-0.160804,3.7586062,-6.2909547
0.15815,-0.0255445,-0.1612596,3.8588409,-5.9684356
0.1584,0.054402,-0.160804,3.8592964,-5.668938
0.15865,0.054402,-0.160804,3.8592964,-5.2841875
0.1589,0.054402,-0.080402,3.7788944,-5.1476115
0.15915,-0.0229713,-0.080402,3.8592964,-4.9241206
0.1594,-0.026,-0.080402,3.7788944,-4.7633165
0.15965,-0.106402,-0.080402,3.8592964,-4.4058227
0.1599,-0.106402,0,3.7788944,-4.2005025
0.16015,-0.186804,-0.080402,3.8592964,-4.0396985
0.1604,-0.1327476,-0.0540565,3.8592964,-3.7721469
0.16065,-0.106402,0,3.7788944,-3.4297951
0.1609,-0.106402,0,3.8592964,-3.2356784
0.16115,-0.0341749,0.0722271,3.7788944,-3.0026472
0.1614,-0.026,0,3.8592964,-2.8851517
0.16165,-0.026,0.0496624,3.7788944,-2.5120603
0.1619,-0.0964062,0.0704062,3.7788944,-2.3512563
0.16215,-0.026,0.010748,3.8592964,-2.1100502
0.1624,-0.0749102,0.080402,3.7788944,-1.9492462
0.16265,-0.106402,0,3.8592964,-1.5472362
0.1629,-0.1793814,0,3.7788944,-1.3864321
0.16315,-0.2001251,0.0670809,3.7922155,-1.2256281
0.1634,-0.186804,0.080402,3.8129593,-0.8236181
0.16365,-0.2416127,0.1352107,3.9396985,-0.6628141
0.1639,-0.2623565,0.160804,3.8592964,-0.421608
0.16415,-0.267206,0.0962962,3.9238042,-0.1
0.1644,-0.186804,0.11704,3.8592964,0.141206
0.16465,-0.267206,0.080402,3.8592964,0.30201
0.1649,-0.267206,0.0022764,3.8592964,0.4628141
0.16515,-0.267206,0,3.7788944,0.8028894
0.1654,-0.2279949,-0.0392111,3.9004873,1.0648393
0.16565,-0.2072511,-0.080402,3.7788944,1.2068792
0.1659,-0.2669093,-0.080402,3.8589998,1.4279349
0.16615,-0.3265676,-0.080402,3.7999349,1.8296482
0.1664,-0.3058238,-0.080402,3.8206787,1.9904522
0.16665,-0.347608,0,3.8592964,2.1512563
0.1669,-0.347608,0,3.7788944,2.3953321
0.16715,-0.4043965,0,3.8592964,2.7140703
0.1674,-0.3919654,0,3.7788944,2.9552763
0.16765,-0.4127092,0,3.8592964,3.1160804
0.1679,-0.353051,-0.0749591,3.8538535,3.2823273
0.16815,-0.347608,-0.080402,3.7788944,3.6788944
0.1684,-0.267206,-0.080402,3.8592964,3.8396984
0.16865,-0.267206,-0.080402,3.7788944,4.0809045
0.1689,-0.339592,-0.152788,3.7869105,4.4025125
0.16915,-0.347608,-0.160804,3.8880563,4.5633165
0.1694,-0.347608,-0.2103076,3.8901949,4.8045226
0.16965,-0.4178554,-0.241206,3.8592964,5.196378
0.1699,-0.347608,-0.241206,3.8698856,5.3673366
0.17015,-0.298539,-0.241206,3.7788944,5.5281406
0.1704,-0.267206,-0.241206,3.8592964,5.6889447
0.17065,-0.267206,-0.241206,3.8592964,6.0833732
0.1709,-0.267206,-0.160804,3.8592964,6.2517587
0.17115,-0.186804,-0.114308,3.8592964,6.4590587
0.1714,-0.1321542,-0.160804,3.8335443,6.6537688
0.17165,-0.1114104,-0.160804,3.8592964,7.0507704
0.1719,-0.186804,-0.160804,3.7788944,7.2165828
0.17215,-0.186804,-0.241206,3.8592964,7.3773869
0.1724,-0.1636249,-0.2643851,3.8020735,7.5613699
0.17265,-0.1088373,-0.321608,3.7788944,-7.9818322
0.1729,-0.1247105,-0.321608,3.8592964,-7.8185929
0.17315,-0.106402,-0.241206,3.7375447,-7.6577889
0.1734,-0.186804,-0.241206,3.9190925,-7.4371888
0.17365,-0.186804,-0.241206,3.6986302,-7.094837
0.1739,-0.186804,-0.2203244,3.799776,-6.9341708
0.17415,-0.106402,-0.160804,3.8592964,-6.6929648
0.1744,-0.106402,-0.0984349,3.7788944,-6.4697916
0.17465,-0.0287109,-0.160804,3.8565855,-6.1301507
0.1749,-0.0025453,-0.2177513,3.8827512,-5.945892
0.17515,0.0181985,-0.160804,3.8150979,-5.5673366
0.1754,-0.026,-0.2257463,3.908779,-5.3910729
0.17565,0.049118,-0.160804,3.8592964,-5.1706106
0.1759,2.78E-05,-0.080402,3.7788944,-4.9784947
0.17615,-0.026,-0.080402,3.8592964,-4.6492841
0.1764,-0.0935154,-0.080402,3.7788944,-4.4417085
0.17665,-0.106402,-0.080402,3.8592964,-4.2809045
0.1769,-0.186804,-0.0518011,3.8306955,-4.0110975
0.17715,-0.186804,0,3.7788944,-3.7180904
0.1774,-0.106402,0,3.8592964,-3.4768844
0.17765,-0.0364303,0,3.7788944,-3.3160804
0.1779,-0.0752279,0,3.8100685,-3.0929282
0.17815,-0.0544842,-0.0234337,3.7788944,-2.7532663
0.1784,-0.026,0.080402,3.8515561,-2.5198007
0.17865,-0.026,0.080402,3.8592964,-2.3512563
0.1789,-0.106402,0.080402,3.7788944,-2.1229579
0.17915,-0.026,0.080402,3.8048055,-1.8429332
0.1794,-0.106402,0,3.7788944,-1.6276382
0.17965,-0.186804,0,3.8592964,-1.4668342
0.1799,-0.2308857,0,3.7788944,-1.2333895
0.18015,-0.186804,0.080402,3.7788944,-0.8806822
0.1804,-0.186804,0.1582099,3.7814886,-0.6654082
0.18065,-0.1245516,0.2230564,3.7788944,-0.341206
0.1809,-0.186804,0.241206,3.820403,-0.1
0.18115,-0.267206,0.241206,3.9189336,0.060804
0.1814,-0.347587,0.241206,3.8592964,0.221608
0.18165,-0.347608,0.160804,3.8592964,0.6236181
0.1819,-0.267206,0.080402,3.8982319,0.8233576
0.18215,-0.2490143,0.0181917,3.7970861,0.9634178
0.1824,-0.1893561,-0.0025521,3.8592964,1.2693862
0.18265,-0.267206,-0.080402,3.7788944,1.531336
0.1829,-0.267206,0,3.8592964,1.7492462
0.18315,-0.347608,-0.0156186,3.8592964,1.9256688
0.1834,-0.347608,0,3.7788944,2.2316583
0.18365,-0.347608,0,3.8592964,2.4728643
0.1839,-0.3813973,-0.0466128,3.7788944,2.6674576
0.18415,-0.347608,0,3.8592964,2.8748743
0.1844,-0.3553063,-0.0727037,3.8515981,3.1964824
0.18465,-0.399568,-0.0519599,3.7788944,3.4376884
0.1849,-0.2984222,0,3.8592964,3.5984924
0.18515,-0.3371357,-0.080402,3.7788944,3.7592964
0.1854,-0.267206,-0.080402,3.8592964,4.1613065
0.18565,-0.267206,-0.160804,3.7478792,4.3531257
0.1859,-0.347608,-0.109045,3.8592964,4.5115575
0.18615,-0.42801,-0.160804,3.7867937,4.7241205
0.1864,-0.4955675,-0.1736486,3.711337,4.9910157
0.18665,-0.42801,-0.241206,3.8257081,5.2869346
0.1869,-0.42801,-0.2672759,3.8592964,5.5824727
0.18715,-0.347608,-0.3162819,3.8592964,5.7746728
0.1874,-0.3321904,-0.241206,3.9242808,6.075537
0.18765,-0.3033675,-0.160804,3.8592964,6.2155973
0.1879,-0.186804,-0.1038988,3.7788944,6.5263732
0.18815,-0.106402,-0.160804,3.7816474,6.7369238
0.1884,-0.1243928,-0.1787948,3.7788944,6.9753768
0.18865,-0.1480695,-0.2024715,3.8592964,7.0974463
0.1889,-0.186804,-0.241206,3.7998181,7.4159415
0.18915,-0.186804,-0.241206,3.7788944,7.6989949
0.1894,-0.1269659,-0.3010441,3.8592964,-8.0597989
0.18965,-0.1477097,-0.241206,3.7788944,-7.8989949
0.1899,-0.106402,-0.241206,3.8592964,-7.5957374
0.19015,-0.106402,-0.241206,3.7788944,-7.3361808
0.1904,-0.129539,-0.160804,3.8361594,-7.1753768
0.19065,-0.1502828,-0.160804,3.7788944,-6.9341708
0.1909,-0.1221795,-0.0961795,3.7788944,-6.6283402
0.19115,-0.106402,-0.160804,3.8592964,-6.3713567
0.1914,-0.026,-0.1350939,3.7788944,-6.2105527
0.19165,-0.026,-0.2072579,3.8592964,-6.0158006
0.1919,0.054402,-0.1740083,3.7920988,-5.660943
0.19215,0.054402,-0.160804,3.7788944,-5.4065326
0.1924,0.054402,-0.160804,3.8071777,-5.1370433
0.19265,0.134804,-0.129429,3.8592964,-4.8437185
0.1929,-0.0153688,-0.080402,3.8592964,-4.6935457
0.19315,0.0442894,-0.080402,3.789007,-4.5221105
0.1934,-0.0755457,-0.080402,3.7788944,-4.1696461
0.19365,-0.186804,-0.0288019,3.7788944,-3.9592964
0.1939,-0.186804,0,3.8592964,-3.7261485
0.19415,-0.1741183,0.0677163,3.7915801,-3.6376884
0.1944,-0.106402,0,3.8592964,-3.2356784
0.19465,-0.026,0,3.7788944,-2.9944723
0.1949,-0.026,0.005485,3.8592964,-2.7532663
0.19515,-0.0412588,0.080402,3.8592964,-2.6576055
0.1954,-0.106402,0.080402,3.7788944,-2.3596531
0.19565,-0.0496556,0.080402,3.8025501,-2.0296482
0.1959,-0.106402,0,3.7788944,-1.8717561
0.19615,-0.106402,0,3.8592964,-1.7080402
0.1964,-0.186804,0,3.7788944,-1.4282585
0.19665,-0.2461235,-0.0382369,3.7788944,-1.1452261
0.1969,-0.186804,0,3.8592964,-0.9844221
0.19715,-0.186804,0.080402,3.7788944,-0.7636211
0.1974,-0.186804,0.160804,3.8592964,-0.3804592
0.19765,-0.186804,0.160804,3.7788944,-0.180402
0.1979,-0.267206,0.160804,3.8592964,-0.019598
0.19815,-0.267206,0.1837822,3.7788944,0.221608
0.1984,-0.267206,0.160804,3.7788944,0.506536
0.19865,-0.186804,0.160804,3.7788944,0.7684858
0.1989,-0.267206,0.0852095,3.8592964,1.0304356
0.19915,-0.267206,0,3.7788944,1.3472362
0.1994,-0.3135011,-0.080402,3.9055915,1.4617451
0.19965,-0.3342449,-0.080402,3.8592964,1.6688442
0.1999,-0.267206,-0.080402,3.8519158,1.9978328
0.20015,-0.3194837,0,3.8592964,2.2316583
0.2004,-0.347608,0,3.8104283,2.4239961
0.20065,-0.41722,0,3.8592964,2.6336683
0.2009,-0.3575617,-0.0099537,3.7788944,2.9552763
0.20115,-0.3783055,-0.080402,3.8285989,3.1964824
0.2014,-0.347608,-0.0289607,3.8592964,3.3572864
0.20165,-0.275423,-0.080402,3.8510795,3.5902755
0.2019,-0.267206,-0.080402,3.8592964,3.9201005
0.20215,-0.186804,-0.080402,3.7788944,4.0809045
0.2024,-0.267206,-0.160804,3.8592964,4.3221105
0.20265,-0.267206,-0.160804,3.8536526,4.4081564
0.2029,-0.347608,-0.160804,3.7135924,4.8196225
0.20315,-0.42801,-0.2053623,3.8147382,5.0457286
0.2034,-0.42801,-0.241206,3.7550799,5.2065326
0.20365,-0.4249393,-0.3185373,3.7819652,5.3704073
0.2039,-0.410337,-0.2588791,3.7788944,5.7693467
0.20415,-0.3860249,-0.241206,3.7788944,5.9301507
0.2044,-0.347608,-0.241206,3.8001358,6.1713567
0.20465,-0.267206,-0.2407084,3.7788944,6.5728692
0.2049,-0.186804,-0.241206,3.8592964,6.6740149
0.20515,-0.186804,-0.2806181,3.8592964,6.8949748
0.2054,-0.1681357,-0.3029398,3.8592964,7.2165828
0.20565,-0.186804,-0.2432815,3.8572209,7.4577889
0.2059,-0.186804,-0.321608,3.8821157,7.6185929
0.20615,-0.186804,-0.321608,3.8157334,-8.1402009
0.2064,-0.106402,-0.3055129,3.8592964,-7.8024977
0.20665,-0.106402,-0.321608,3.8546478,-7.5016335
0.2069,-0.106402,-0.241206,3.8592964,-7.3615732
0.20715,-0.106402,-0.160804,3.8592964,-7.1753768
0.2074,-0.173282,-0.160804,3.8457744,-6.8537688
0.20765,-0.1136237,-0.080402,3.8592964,-6.6929648
0.2079,-0.1588385,-0.080402,3.7788944,-6.4517587
0.20815,-0.106402,-0.1291113,3.8592964,-6.2909547
0.2084,-0.026,-0.160804,3.7788944,-5.9583977
0.20865,-0.0357949,-0.160804,3.8495016,-5.6575335
0.2089,-0.026,-0.1913427,3.8094331,-5.4869346
0.20915,0.0031196,-0.160804,3.727612,-5.3261306
0.2094,0.054402,-0.0887778,3.7788944,-4.9324964
0.20965,0.054402,-0.080402,3.7788944,-4.7633165
0.2099,0.0212903,-0.1135138,3.8261847,-4.5694008
0.21015,-0.026,-0.1342575,3.8054409,-4.2005025
0.2104,-0.106402,0,3.9338958,-4.0396985
0.21065,-0.106402,0,3.7788944,-3.7984924
0.2109,-0.106402,0,3.9040136,-3.4768844
0.21115,-0.106402,0,3.8353231,-3.2596517
0.2114,-0.026,0,3.8592964,-3.0748743
0.21165,-0.026,0,3.8592964,-2.9140703
0.2119,-0.064258,0,3.8171524,-2.4738023
0.21215,-0.106402,0.1018023,3.8592964,-2.2708542
0.2124,-0.1070585,0.0797455,3.85864,-2.1100502
0.21265,-0.106402,0,3.8592964,-1.9492462
0.2129,-0.1472331,0,3.7788944,-1.5868071
0.21315,-0.2483789,-0.0615749,3.7788944,-1.3864321
0.2134,-0.2652894,-0.0784854,3.8573798,-1.2237115
0.21365,-0.267206,0,3.7788944,-0.9844221
0.2139,-0.186804,0.080402,3.8592964,-0.6194099
0.21415,-0.186804,0.080402,3.7788944,-0.421608
0.2144,-0.186804,0.1563143,3.7833842,-0.2563143
0.21465,-0.186804,0.160804,3.8592964,-0.1
0.2149,-0.267206,0.160804,3.7444697,0.30201
0.21515,-0.267206,0.160804,3.8592964,0.476495
0.2154,-0.267206,0.160804,3.7788944,0.7040201
0.21565,-0.2393994,0.080402,3.8592964,0.8648241
0.2159,-0.2353545,0,3.7788944,1.2349826
0.21615,-0.267206,-0.0692942,3.7788944,1.4276382
0.2164,-0.347608,-0.070766,3.8592964,1.7588822
0.21665,-0.42801,0,3.9093187,1.9904522
0.2169,-0.3768865,0,3.8081729,2.1512563
0.21715,-0.42801,0.0718673,3.8678311,2.4557949
0.2174,-0.347608,0,3.8470873,2.7262794
0.21765,-0.42801,-0.0329529,3.7788944,2.9223235
0.2179,-0.4013047,-0.0536967,3.8592964,3.1160804
0.21815,-0.347608,-0.080402,3.7788944,3.3513248
0.2184,-0.267206,-0.0147822,3.8592964,3.6788944
0.21865,-0.22233,-0.080402,3.7788944,3.8845745
0.2189,-0.267206,-0.080402,3.8592964,4.0246347
0.21915,-0.267206,-0.160804,3.7822829,4.1646949
0.2194,-0.267206,-0.160804,3.7788944,4.5806719
0.21965,-0.267206,-0.160804,3.8592964,4.7664234
0.2199,-0.347608,-0.160804,3.7788944,4.9653266
0.22015,-0.347608,-0.2403907,3.8592964,5.1269459
0.2204,-0.347608,-0.1807325,3.7788944,5.5886142
0.22065,-0.347608,-0.241206,3.7788944,5.6889447
0.2209,-0.347608,-0.17979,3.7978804,5.8687347
0.22115,-0.2689638,-0.160804,3.7788944,6.0909547
0.2214,-0.2447045,-0.1833056,3.8592964,6.4125627
0.22165,-0.186804,-0.160804,3.7788944,6.6537688
0.2219,-0.186804,-0.2247932,3.8592964,6.8145728
0.22215,-0.2628751,-0.2455369,3.7832253,7.0557788
0.2224,-0.2421313,-0.321608,3.7788944,7.3773869
0.22265,-0.2326225,-0.3674265,3.8247129,7.5840093
0.2229,-0.186804,-0.40201,3.7788944,7.7793969
0.22315,-0.186804,-0.40201,3.8592964,-7.8185929
0.2234,-0.106402,-0.40201,3.8592964,-7.6050347
0.22365,-0.106402,-0.321608,3.9396985,-7.4165828
0.2239,-0.106402,-0.241206,3.7901611,-7.0949748
0.22415,-0.1678497,-0.3026538,3.8592964,-6.8537688
0.2244,-0.106402,-0.080402,3.7788944,-6.6929648
0.22465,-0.106402,-0.1098393,3.8887338,-6.5321607
0.2249,-0.106402,-0.080402,3.7788944,-6.1301507
0.22515,-0.0380503,-0.1487538,3.7788944,-5.9009949
0.2254,-0.026,-0.160804,3.8592964,-5.7757486
0.22565,-0.026,-0.160804,3.7788944,-5.5404724
0.2259,-0.0198796,-0.1546836,3.8592964,-5.171447
0.22615,-0.026,-0.080402,3.7788944,-4.9898992
0.2264,-0.026,-0.1254369,3.8592964,-4.8437185
0.22665,-0.026,-0.1365129,3.8350054,-4.6025125
0.2269,-0.0295473,-0.0839493,3.7788944,-4.2809045
0.22715,-0.106402,-0.080402,3.8592964,-4.1201005
0.2274,-0.106402,-0.0424617,3.7788944,-3.8788944
0.22765,-0.047718,0,3.8592964,-3.6963724
0.2279,-0.026,0,3.7788944,-3.3160804
0.22815,-0.026,0.080402,3.798664,-3.1355068
0.2284,0.054402,0.0398886,3.8592964,-2.9140703
0.22865,0.054402,0.080402,3.7176373,-2.8336683
0.2289,0.054402,0.1592051,3.8592964,-2.4300593
0.22915,-0.026,0.160804,3.7788944,-2.1904522
0.2294,0.0113155,0.080402,3.8219809,-1.8688442
0.22965,-0.026,0.080402,3.7954662,-1.5638079
0.2299,-0.106402,0.080402,3.8592964,-1.4668342
0.23015,-0.186804,0.0249158,3.8343806,-1.2256281
0.2304,-0.2215464,0.080402,3.8592964,-0.8692777
0.23065,-0.267206,0.0139986,3.8592964,-0.6628141
0.2309,-0.186804,0.080402,3.8592964,-0.50201
0.23115,-0.186804,0.107891,3.8592964,-0.341206
0.2314,-0.267206,0.1286347,3.8271272,0.060804
0.23165,-0.267206,0.1493785,3.8592964,0.221608
0.2319,-0.267206,0.080402,3.7788944,0.4628141
0.23215,-0.2972681,0.05034,3.8592964,0.593556
0.2324,-0.267206,0,3.7788944,0.9748223
0.23265,-0.186804,-0.0088524,3.770042,1.1864321
0.2329,-0.267206,-0.080402,3.8592964,1.3472362
0.23315,-0.2998412,-0.080402,3.7462593,1.5884422
0.2334,-0.2942291,0,3.8592964,1.9100502
0.23365,-0.347608,0.0741227,3.7788944,2.1512563
0.2339,-0.347608,0,3.8448319,2.3120603
0.23415,-0.3828163,0.0451937,3.8141027,2.4728643
0.2344,-0.42801,0,3.7788944,2.8748743
0.23465,-0.5047059,0,3.8592964,3.0356784
0.2349,-0.42801,0,3.7788944,3.1964824
0.23515,-0.42801,0,3.821515,3.4376884
0.2354,-0.347608,0,3.7788944,3.7592964
0.23565,-0.347608,-0.080402,3.7788944,4.0005025
0.2359,-0.3279973,-0.160804,3.8592964,4.4025125
0.23615,-0.347608,-0.241206,3.899651,4.523269
0.2364,-0.347608,-0.1801077,3.7981981,4.7241205
0.23665,-0.42801,-0.160804,3.8592964,4.8849246
0.2369,-0.347608,-0.241206,3.7788944,5.2869346
0.23715,-0.347608,-0.241206,3.8163688,5.4477386
0.2374,-0.347608,-0.241206,3.8592964,5.6252732
0.23765,-0.267206,-0.241206,3.7829076,5.8497487
0.2379,-0.267206,-0.160804,3.8592964,6.1713567
0.23815,-0.2217053,-0.160804,3.7788944,6.3321607
0.2384,-0.186804,-0.0945595,3.8592964,6.5733668
0.23865,-0.1129883,-0.160804,3.8592964,6.7341708
0.2389,-0.1594739,-0.160804,3.7788944,7.1635109
0.23915,-0.1387302,-0.2088779,3.8269683,7.329313
0.2394,-0.2556217,-0.241206,3.7788944,7.5381909
0.23965,-0.186804,-0.3124486,3.7880538,7.6185929
0.2399,-0.106402,-0.321608,3.7788944,-7.8989949
0.24015,-0.106402,-0.321608,3.7788944,-7.6577889
0.2404,-0.1154133,-0.3125968,3.8592964,-7.4969848
0.24065,-0.106402,-0.241206,3.7788944,-7.3244483
0.2409,-0.1388783,-0.241206,3.8592964,-6.9341708
0.24115,-0.1335839,-0.160804,3.7788944,-6.7461849
0.2414,-0.0999639,-0.160804,3.7788944,-6.6125627
0.24165,-0.0920964,-0.160804,3.8592964,-6.3856624
0.2419,0.0193526,-0.160804,3.7788944,-6.0146993
0.24215,-0.026,-0.241206,3.8592964,-5.8085427
0.2424,0.054402,-0.164669,3.9358334,-5.4065326
0.24265,0.054402,-0.160804,3.7957732,-5.3092518
0.2429,0.054402,-0.1180246,3.8592964,-5.0045226
0.24315,0.054402,-0.1024377,3.8592964,-4.9020849
0.2434,-0.026,-0.080402,3.7788944,-4.5221105
0.24365,-0.0869501,-0.080402,3.8592964,-4.3613065
0.2439,-0.186804,-0.0402063,3.7788944,-4.1201005
0.24415,-0.186804,-0.080402,3.8592964,-3.898357
0.2444,-0.1855228,0,3.7788944,-3.5572864
0.24465,-0.106402,0,3.7788944,-3.3964824
0.2449,-0.106402,0,3.8592964,-3.1980451
0.24515,-0.026,0,3.7788944,-2.9944723
0.2454,-0.026,0.080402,3.8592964,-2.5963166
0.24565,-0.0818039,0.080402,3.8034925,-2.4316583
0.2459,-0.026,0.0350601,3.8592964,-2.2708542
0.24615,-0.0920857,0.080402,3.7932108,-2.0957339
0.2464,-0.106402,0,3.7788944,-1.7016127
0.24665,-0.106402,0,3.8592964,-1.4940054
0.2469,-0.186804,0.047915,3.7788944,-1.3385171
0.24715,-0.2554628,0.0117432,3.8592964,-1.0765673
0.2474,-0.186804,0.080402,3.7698939,-0.7432161
0.24765,-0.186804,0.160804,3.7788944,-0.5824121
0.2479,-0.186804,0.160804,3.8592964,-0.3711199
0.24815,-0.186804,0.241206,3.7788944,-0.180402
0.2484,-0.1983777,0.241206,3.7904681,0.141206
0.24865,-0.267206,0.1931215,3.8592964,0.30201
0.2489,-0.3202673,0.1881448,3.8319557,0.7313609
0.24915,-0.260609,0.080402,3.7788944,0.9452261
0.2494,-0.267206,0,3.9255517,1.0918833
0.24965,-0.267206,-0.0348906,3.8244059,1.3017247
0.2499,-0.347608,-0.1051697,3.8592964,1.6688442
0.25015,-0.3435842,-0.080402,3.7788944,1.9060264
0.2504,-0.347608,0,3.8592964,2.0541343
0.25065,-0.347608,0,3.8592964,2.269122
0.2509,-0.4058155,-0.0221945,3.7788944,2.6336683
0.25115,-0.347608,-0.080402,3.8592964,2.7944723
0.2514,-0.347608,-0.080402,3.7788944,3.0163853
0.25165,-0.3879732,-0.0403652,3.8592964,3.1964824
0.2519,-0.347608,-0.0607806,3.7788944,3.578871
0.25215,-0.267206,-0.080402,3.7788944,3.6800168
0.2524,-0.2453399,-0.080402,3.8592964,3.9201005
0.25265,-0.2245961,-0.080402,3.7411023,4.0809045
0.2529,-0.3305597,-0.160804,3.8592964,4.4829145
0.25315,-0.347608,-0.160804,3.7021879,4.6437185
0.2534,-0.42801,-0.2167668,3.8592964,4.8289618
0.25365,-0.42801,-0.196023,3.8141134,5.0457286
0.2539,-0.42801,-0.241206,3.7644192,5.3673366
0.25415,-0.42801,-0.3153395,3.8592964,5.6085427
0.2544,-0.42801,-0.2682184,3.7518821,5.8227363
0.25465,-0.42801,-0.241206,3.8266506,6.1713567
0.2549,-0.347608,-0.241206,3.8711985,6.3321607
0.25515,-0.186804,-0.1696457,3.8592964,6.4929648
0.2554,-0.1572185,-0.2116205,3.7788944,6.8949748
0.25565,-0.1567313,-0.241206,3.8592964,7.0557788
0.2559,-0.1774751,-0.241206,3.7788944,7.2876559
0.25615,-0.1178168,-0.241206,3.8592964,7.4577889
0.2564,-0.1546454,-0.241206,3.8271378,7.8276403
0.25665,-0.186804,-0.241206,3.7788944,-7.9793969
0.2569,-0.106402,-0.241206,3.8525406,-7.7381909
0.25715,-0.106402,-0.241206,3.7788944,-7.5773869
0.2574,-0.106402,-0.1955357,3.8592964,-7.1753768
0.25765,-0.1618775,-0.160804,3.7788944,-7.0145728
0.2579,-0.106402,-0.080402,3.7830772,-6.7775495
0.25815,-0.106402,-0.080402,3.8427354,-6.6125627
0.2584,-0.0690972,-0.080402,3.7788944,-6.2478575
0.25865,-0.0483534,-0.160804,3.8592964,-6.0721021
0.2589,-0.1047924,-0.160804,3.7788944,-5.8889447
0.25915,-0.026,-0.1799382,3.7980286,-5.6668728
0.2594,0.054402,-0.160804,3.7788944,-5.2862527
0.25965,0.054402,-0.160804,3.7788944,-5.1455463
0.2599,0.054402,-0.160804,3.8592964,-5.0035591
0.26015,0.054402,-0.1021093,3.7788944,-4.7416093
0.2604,0.011951,-0.160804,3.8592964,-4.3613065
0.26065,-0.026,-0.1435968,3.9224913,-4.2005025
0.2609,-0.106402,0,3.8592964,-3.7984924
0.26115,-0.106402,0,3.7788944,-3.6376884
0.2614,-0.106402,0,3.8592964,-3.4768844
0.26165,-0.091768,0.0146341,3.7788944,-3.2356784
0.2619,-0.026,0.0742923,3.8592964,-2.9140703
0.26215,-0.026,0.080402,3.7788944,-2.6728643
0.2624,-0.0588047,0.080402,3.8592964,-2.5120603
0.26265,-0.106402,0.080402,3.8592964,-2.2708542
0.2629,-0.106402,0.0717192,3.7788944,-1.9492462
0.26315,-0.186804,0,3.8592964,-1.7590156
0.2634,-0.186804,0,3.7788944,-1.5472362
0.26365,-0.1962918,0,3.8592964,-1.315518
0.2639,-0.267206,0,3.7676385,-0.9844221
0.26415,-0.267206,0.0484023,3.7468947,-0.7916183
0.2644,-0.186804,0.080402,3.7788944,-0.6628141
0.26465,-0.186804,0.0873167,3.7788944,-0.421608
0.2649,-0.186804,0.160804,3.7927235,-0.0334271
0.26515,-0.2326332,0.160804,3.7788944,0.0953769
0.2654,-0.267206,0.160804,3.8342111,0.30201
0.26565,-0.267206,0.160804,3.7788944,0.5388745
0.2659,-0.2508038,0.160804,3.7788944,0.8648241
0.26615,-0.267206,0.080402,3.8221505,1.1060301
0.2664,-0.267206,0,3.7788944,1.2089444
0.26665,-0.267206,0,3.7788944,1.4276382
0.2669,-0.2861813,0,3.8782717,1.8296482
0.26715,-0.347608,0,3.8990155,1.9904522
0.2674,-0.42801,0,3.8393573,2.3725231
0.26765,-0.4272054,0,3.8592964,2.5532663
0.2679,-0.3691565,-0.0588536,3.7788944,2.7356187
0.26815,-0.3857178,-0.0422922,3.8592964,2.9171665
0.2684,-0.3649741,-0.080402,3.7962605,3.2768844
0.26865,-0.347608,-0.080402,3.7822722,3.5147127
0.2689,-0.267206,-0.080402,3.8592964,3.6547729
0.26915,-0.267206,-0.080402,3.7788944,3.8396984
0.2694,-0.2524131,-0.160804,3.8592964,4.2417085
0.26965,-0.267206,-0.160804,3.7788944,4.4025125
0.2699,-0.3209134,-0.160804,3.8592964,4.6170239
0.27015,-0.347608,-0.160804,3.811858,4.7570841
0.2704,-0.3353882,-0.1730238,3.8470766,5.1383504
0.27065,-0.347608,-0.160804,3.8592964,5.3588126
0.2709,-0.2964738,-0.241206,3.7788944,5.5281406
0.27115,-0.347608,-0.241206,3.8092849,5.7389562
0.2714,-0.347608,-0.241206,3.7788944,6.0909547
0.27165,-0.267206,-0.1719011,3.7788944,6.2517587
0.2719,-0.267206,-0.2093651,3.8592964,6.4611239
0.27215,-0.186804,-0.160804,3.7788944,6.6537688
0.2724,-0.186804,-0.241206,3.7788944,6.9753768
0.27265,-0.186804,-0.3079378,3.7788944,7.2029126
0.2729,-0.232792,-0.321608,3.8133084,7.4118008
0.27315,-0.3223638,-0.3767658,3.8592964,7.5381909
0.2734,-0.106402,-0.40201,3.774394,-7.8989949
0.27365,-0.186804,-0.4661687,3.7951378,-7.8185929
0.2739,-0.106402,-0.40201,3.7354795,-7.4969848
0.27415,-0.106402,-0.3442792,3.7788944,-7.2784499
0.2744,-0.106402,-0.321608,3.8592964,-7.0949748
0.27465,-0.106402,-0.241206,3.8592964,-6.8537688
0.2749,-0.026,-0.080402,3.8184547,-6.5321607
0.27515,-0.046098,-0.080402,3.8592964,-6.2909547
0.2754,-0.1057562,-0.080402,3.7788944,-6.1301507
0.27565,-0.026,-0.160804,3.8592964,-5.9479571
0.2759,-0.026,-0.160804,3.7788944,-5.5673366
0.27615,-0.0084751,-0.0979269,3.8417716,-5.4065326
0.2764,-0.0227811,-0.1575851,3.8592964,-5.1653266
0.27665,-0.026,-0.080402,3.7788944,-5.0045226
0.2769,0.0187065,-0.080402,3.8592964,-4.6025125
0.27715,-0.0409518,-0.080402,3.7788944,-4.4417085
0.2774,-0.106402,-0.080402,3.8535044,-4.2809045
0.27765,-0.106402,-0.080402,3.8592964,-4.0662342
0.2779,-0.1395244,-0.0331224,3.7788944,-3.76537
0.27815,-0.106402,0,3.8469178,-3.4768844
0.2784,-0.0343651,0,3.7705293,-3.2440435
0.27865,-0.026,0,3.8080033,-3.1552764
0.2789,0.0238527,0.080402,3.7788944,-2.7532663
0.27915,-0.0161945,0.080402,3.8396854,-2.5924623
0.2794,-0.0150618,0.0109382,3.8483582,-2.42072
0.27965,0.054402,0.080402,3.7788944,-2.1904522
0.2799,0.0264258,0.080402,3.8313202,-1.7884422
0.28015,-0.026,0.080402,3.7788944,-1.6276382
0.2804,-0.106402,0.080402,3.8592964,-1.2256281
0.28065,-0.186804,0.080402,3.8250413,-1.0648241
0.2809,-0.267206,0.080402,3.8592964,-0.8490212
0.28115,-0.267206,0.1561447,3.7835537,-0.6628141
0.2814,-0.186804,0.160804,3.8592964,-0.2768885
0.28165,-0.186804,0.160804,3.7788944,-0.1
0.2819,-0.2443761,0.160804,3.8592964,0.060804
0.28215,-0.267206,0.160804,3.8592964,0.221608
0.2824,-0.267206,0.080402,3.7788944,0.6236181
0.28265,-0.267206,0.080402,3.8986978,0.8238235
0.2829,-0.2070609,0,3.7788944,0.965483
0.28315,-0.2667191,-0.080402,3.8588095,1.1864321
0.2834,-0.267206,-0.080402,3.7788944,1.5292709
0.28365,-0.3091805,-0.080402,3.7788944,1.7492462
0.2839,-0.347608,-0.0627183,3.8592964,1.9100502
0.28415,-0.2702661,0,3.7788944,2.0739143
0.2844,-0.347608,0.0238038,3.7788944,2.4728643
0.28465,-0.347608,0,3.7788944,2.6336683
0.2849,-0.42801,0,3.8592964,2.8748743
0.28515,-0.3532412,-0.0747689,3.8592964,3.0413115
0.2854,-0.373985,0,3.7788944,3.4113115
0.28565,-0.3808893,-0.080402,3.8592964,3.5984924
0.2859,-0.347608,-0.0678645,3.7663569,3.8396984
0.28615,-0.267206,-0.080402,3.8592964,4.0005025
0.2864,-0.318658,-0.160804,3.7499444,4.4025125
0.28665,-0.347608,-0.160804,3.7788944,4.5633165
0.2869,-0.42801,-0.1707684,3.7788944,4.8849246
0.28715,-0.4387894,-0.2304266,3.8700758,5.1261306
0.2874,-0.42801,-0.241206,3.8277733,5.2869346
0.28765,-0.347608,-0.321608,3.8592964,5.5000056
0.2879,-0.347608,-0.2485973,3.7862857,5.8497487
0.28815,-0.2805585,-0.241206,3.7922469,6.0776022
0.2884,-0.267206,-0.160804,3.8592964,6.1713567
0.28865,-0.186804,-0.080402,3.7788944,6.4125627
0.2889,-0.1112202,-0.160804,3.8592964,6.8145728
0.28915,-0.186804,-0.160804,3.7788944,6.9109004
0.2894,-0.186804,-0.2045366,3.822627,7.1361808
0.28965,-0.186804,-0.2182172,3.8363076,7.354398
0.2899,-0.186804,-0.241206,3.7788944,7.6989949
0.29015,-0.186804,-0.3031093,3.8592964,-8.0597989
0.2904,-0.1456445,-0.2823655,3.7788944,-7.8597524
0.29065,-0.106402,-0.241206,3.8592964,-7.7177752
0.2909,-0.106402,-0.2415341,3.7788944,-7.3361808
0.29115,-0.1274739,-0.241206,3.7788944,-7.1753768
0.2914,-0.186804,-0.2026196,3.8174808,-6.9341708
0.29165,-0.1242446,-0.160804,3.7788944,-6.7733668
0.2919,-0.106402,-0.0833032,3.8563953,-6.3742579
0.29215,-0.0827571,-0.160804,3.7788944,-6.2105527
0.2924,-0.026,-0.1968173,3.8232832,-5.9693467
0.29265,-0.026,-0.241206,3.7941639,-5.8085427
0.2929,0.054402,-0.241206,3.7788944,-5.4814603
0.29315,0.1085859,-0.214988,3.8592964,-5.2195105
0.2934,0.0878422,-0.160804,3.8592964,-4.8771587
0.29365,0.054402,-0.080402,3.8592964,-4.6829145
0.2939,0.0463546,-0.080402,3.8592964,-4.5221105
0.29415,-0.0547912,-0.0516108,3.8592964,-4.3096957
0.2944,-0.106402,-0.049535,3.8097615,-3.9592964
0.29465,-0.106402,-0.0101233,3.8592964,-3.7883692
0.2949,-0.186804,0,3.8486759,-3.5572864
0.29515,-0.106402,0,3.8592964,-3.3651181
0.2954,-0.026,0,3.8071884,-2.9944723
0.29565,-0.026,0.0075501,3.7788944,-2.8336683
0.2959,-0.026,0.0131936,3.8592964,-2.6728643
0.29615,-0.0599374,0.080402,3.7788944,-2.3977208
0.2964,-0.0517208,0.080402,3.8592964,-2.055369
0.29665,-0.181827,0.075425,3.7788944,-1.7934192
0.2969,-0.106402,0.0646353,3.8592964,-1.6434049
0.29715,-0.186804,0,3.8227859,-1.4668342
0.2974,-0.186804,0,3.7788944,-1.1452261
0.29765,-0.1892079,0.080402,3.8592964,-0.906424
0.2979,-0.186804,0.0987419,3.7788944,-0.7432161
0.29815,-0.1454857,0.160804,3.8592964,-0.5824121
0.2984,-0.1662294,0.160804,3.7788944,-0.180402
0.29865,-0.186804,0.160804,3.7790636,0.0606348
0.2989,-0.207717,0.220293,3.8592964,0.2006951
0.29915,-0.267206,0.160804,3.7788944,0.3824121
0.2994,-0.267206,0.1788055,3.7968959,0.8024236
0.29965,-0.1895463,0.160804,3.7788944,0.8730511
0.2999,-0.267206,0.080402,3.7788944,1.2903203
0.30015,-0.347608,0,3.8592964,1.5080402
